timestamp,commit,branch,benchmark,avg_ns,min_ns,max_ns
2026-04-07T08:59:22Z,143e351,main,is_prime_small,17000,16000,50000
2026-04-07T08:59:22Z,143e351,main,is_prime_large,99000,97000,134000
2026-04-07T08:59:22Z,143e351,main,next_prime,24000,24000,54000
2026-04-07T08:59:22Z,143e351,main,factor_small,532,431,8000
2026-04-07T08:59:22Z,143e351,main,factor_large,3000,3000,11000
2026-04-07T08:59:22Z,143e351,main,totient,456,441,4000
2026-04-07T08:59:22Z,143e351,main,fibonacci,569,551,661
2026-04-07T08:59:22Z,143e351,main,binomial,521,501,7000
2026-04-07T08:59:22Z,143e351,main,poly_blep_mid,408,390,521
2026-04-07T08:59:22Z,143e351,main,poly_blep_edge,411,400,3000
2026-04-07T08:59:22Z,143e351,main,angular_frequency,402,390,521
2026-04-07T08:59:22Z,143e351,main,sanitize_finite,401,390,461
2026-04-07T08:59:22Z,143e351,main,sanitize_nan,402,390,3000
2026-04-07T08:59:22Z,143e351,main,hypot,404,390,3000
2026-04-07T08:59:22Z,143e351,main,lerp,404,390,3000
2026-04-07T08:59:22Z,143e351,main,clamp,405,390,5000
2026-04-07T08:59:22Z,143e351,main,round,409,400,3000
2026-04-07T08:59:22Z,143e351,main,sqrt,399,390,3000
2026-04-07T08:59:22Z,143e351,main,abs,402,390,3000
2026-04-07T08:59:22Z,143e351,main,amplitude_to_db,438,421,3000
2026-04-07T08:59:22Z,143e351,main,db_to_amplitude,431,411,501
2026-04-07T08:59:22Z,143e351,main,db_gain_factor,431,420,4000
2026-04-07T08:59:22Z,143e351,main,midi_to_freq,433,420,3000
2026-04-07T08:59:22Z,143e351,main,freq_to_midi,429,410,7000
2026-04-07T08:59:22Z,143e351,main,time_constant,446,430,511
2026-04-07T08:59:22Z,143e351,main,pan_center,516,480,13000
2026-04-07T08:59:22Z,143e351,main,crossfade_mid,488,461,4000
2026-04-07T08:59:22Z,143e351,main,category_name,404,390,3000
2026-04-07T08:59:22Z,143e351,main,category_from_str,1000,1000,4000
2026-04-07T08:59:22Z,143e351,main,value_integer,415,380,10000
2026-04-07T08:59:22Z,143e351,main,value_as_f64,436,400,5000
2026-04-07T08:59:22Z,143e351,main,sanitize_4096,14000,14000,17000
2026-04-07T08:59:22Z,143e351,main,poly_blep_4096,30000,30000,35000
2026-04-07T08:59:22Z,143e351,main,hypot_4096,14000,14000,20000
2026-04-07T08:59:22Z,143e351,main,sqrt_4096,9000,9000,14000
2026-04-07T08:59:22Z,143e351,main,round_4096,25000,25000,30000
2026-04-07T20:33:31Z,818ef1e,main,is_prime_small,17000,16000,47000
2026-04-07T20:33:31Z,818ef1e,main,is_prime_large,100000,98000,239000
2026-04-07T20:33:31Z,818ef1e,main,next_prime,24000,24000,41000
2026-04-07T20:33:31Z,818ef1e,main,factor_small,520,431,6000
2026-04-07T20:33:31Z,818ef1e,main,factor_large,3000,3000,8000
2026-04-07T20:33:31Z,818ef1e,main,totient,456,440,4000
2026-04-07T20:33:31Z,818ef1e,main,fibonacci,566,551,3000
2026-04-07T20:33:31Z,818ef1e,main,binomial,516,501,4000
2026-04-07T20:33:31Z,818ef1e,main,poly_blep_mid,410,391,3000
2026-04-07T20:33:31Z,818ef1e,main,poly_blep_edge,417,400,481
2026-04-07T20:33:31Z,818ef1e,main,angular_frequency,405,390,5000
2026-04-07T20:33:31Z,818ef1e,main,sanitize_finite,399,390,4000
2026-04-07T20:33:31Z,818ef1e,main,sanitize_nan,400,390,6000
2026-04-07T20:33:31Z,818ef1e,main,hypot,403,390,3000
2026-04-07T20:33:31Z,818ef1e,main,lerp,408,390,4000
2026-04-07T20:33:31Z,818ef1e,main,clamp,412,400,3000
2026-04-07T20:33:31Z,818ef1e,main,round,403,390,3000
2026-04-07T20:33:31Z,818ef1e,main,sqrt,396,380,562
2026-04-07T20:33:31Z,818ef1e,main,abs,403,390,5000
2026-04-07T20:33:31Z,818ef1e,main,amplitude_to_db,436,420,1000
2026-04-07T20:33:31Z,818ef1e,main,db_to_amplitude,430,420,3000
2026-04-07T20:33:31Z,818ef1e,main,db_gain_factor,429,420,4000
2026-04-07T20:33:31Z,818ef1e,main,midi_to_freq,429,410,4000
2026-04-07T20:33:31Z,818ef1e,main,freq_to_midi,435,410,3000
2026-04-07T20:33:31Z,818ef1e,main,time_constant,451,440,4000
2026-04-07T20:33:31Z,818ef1e,main,pan_center,513,490,5000
2026-04-07T20:33:31Z,818ef1e,main,crossfade_mid,509,481,4000
2026-04-07T20:33:31Z,818ef1e,main,category_name,401,390,4000
2026-04-07T20:33:31Z,818ef1e,main,category_from_str,1000,1000,5000
2026-04-07T20:33:31Z,818ef1e,main,value_integer,415,390,11000
2026-04-07T20:33:31Z,818ef1e,main,value_as_f64,436,400,5000
2026-04-07T20:33:31Z,818ef1e,main,sanitize_4096,14000,13000,19000
2026-04-07T20:33:31Z,818ef1e,main,poly_blep_4096,31000,31000,40000
2026-04-07T20:33:31Z,818ef1e,main,hypot_4096,19000,18000,24000
2026-04-07T20:33:31Z,818ef1e,main,sqrt_4096,9000,9000,14000
2026-04-07T20:33:31Z,818ef1e,main,round_4096,25000,25000,31000
2026-04-07T20:33:31Z,818ef1e,main,simd_add_4096,1000,1000,11000
2026-04-07T20:33:31Z,818ef1e,main,simd_mul_4096,1000,1000,3000
2026-04-07T20:33:31Z,818ef1e,main,simd_sub_4096,1000,1000,3000
2026-04-07T20:33:31Z,818ef1e,main,simd_mac_4096,23000,21000,32000
2026-04-07T20:33:31Z,818ef1e,main,addition,2000,2000,119000
2026-04-07T20:33:31Z,818ef1e,main,mixed_ops,2000,2000,60000
2026-04-07T20:33:31Z,818ef1e,main,parentheses,2000,2000,11000
2026-04-07T20:33:31Z,818ef1e,main,division,2000,2000,56000
2026-04-07T20:33:31Z,818ef1e,main,sqrt,3000,2000,215000
2026-04-07T20:33:31Z,818ef1e,main,sin,3000,2000,136000
2026-04-07T20:33:31Z,818ef1e,main,log2,3000,2000,106000
2026-04-07T20:33:31Z,818ef1e,main,pow,3000,2000,108000
2026-04-07T20:33:31Z,818ef1e,main,min,3000,2000,86000
2026-04-07T20:33:31Z,818ef1e,main,mixed_ops_funcs,3000,2000,93000
2026-04-07T20:33:31Z,818ef1e,main,nested_parens,3000,3000,104000
2026-04-07T20:33:31Z,818ef1e,main,trig_chain,4000,3000,79000
2026-04-07T20:33:31Z,818ef1e,main,long_addition,3000,3000,79000
2026-04-07T20:33:31Z,818ef1e,main,sci_add,2000,2000,70000
2026-04-07T20:33:31Z,818ef1e,main,sci_mul,2000,2000,70000
2026-04-07T20:33:31Z,818ef1e,main,tok_simple,2000,2000,71000
2026-04-07T20:33:31Z,818ef1e,main,tok_complex,3000,2000,215000
2026-04-07T20:33:31Z,818ef1e,main,km_to_miles,646,611,5000
2026-04-07T20:33:31Z,818ef1e,main,celsius_to_fahr,617,591,4000
2026-04-07T20:33:31Z,818ef1e,main,bytes_to_gb,765,701,277000
2026-04-07T20:33:31Z,818ef1e,main,bytes_to_gib,670,641,4000
2026-04-07T20:33:31Z,818ef1e,main,gb_to_gib_cross,731,701,7000
2026-04-07T20:33:31Z,818ef1e,main,same_unit_id,627,601,5000
2026-04-07T20:33:31Z,818ef1e,main,exact_symbol,503,480,4000
2026-04-07T20:33:31Z,818ef1e,main,by_name,691,661,5000
2026-04-07T20:33:31Z,818ef1e,main,case_insensitive,804,771,5000
2026-04-07T20:33:31Z,818ef1e,main,plural,683,641,6000
2026-04-07T20:33:31Z,818ef1e,main,miss,816,781,5000
2026-04-07T20:33:31Z,818ef1e,main,alias_kph,629,601,3000
2026-04-07T20:33:31Z,818ef1e,main,mpg_to_l100km,892,861,4000
2026-04-07T20:33:31Z,818ef1e,main,density_g_to_kg,719,701,4000
2026-04-07T20:33:31Z,818ef1e,main,viscosity_cp_pas,691,661,4000
2026-04-07T20:33:31Z,818ef1e,main,lux_to_fc,831,811,4000
2026-04-07T20:33:31Z,818ef1e,main,registry_creation,155000,144000,192000
2026-04-08T01:54:21Z,818ef1e,main,is_prime_small,19000,18000,90000
2026-04-08T01:54:21Z,818ef1e,main,is_prime_large,111000,108000,152000
2026-04-08T01:54:21Z,818ef1e,main,next_prime,27000,26000,81000
2026-04-08T01:54:21Z,818ef1e,main,factor_small,608,491,105000
2026-04-08T01:54:21Z,818ef1e,main,factor_large,4000,4000,17000
2026-04-08T01:54:21Z,818ef1e,main,totient,520,501,4000
2026-04-08T01:54:21Z,818ef1e,main,fibonacci,600,581,902
2026-04-08T01:54:21Z,818ef1e,main,binomial,594,581,4000
2026-04-08T01:54:21Z,818ef1e,main,poly_blep_mid,494,450,6000
2026-04-08T01:54:21Z,818ef1e,main,poly_blep_edge,472,451,3000
2026-04-08T01:54:21Z,818ef1e,main,angular_frequency,460,450,4000
2026-04-08T01:54:21Z,818ef1e,main,sanitize_finite,458,440,671
2026-04-08T01:54:21Z,818ef1e,main,sanitize_nan,465,440,4000
2026-04-08T01:54:21Z,818ef1e,main,hypot,486,450,6000
2026-04-08T01:54:21Z,818ef1e,main,lerp,473,450,11000
2026-04-08T01:54:21Z,818ef1e,main,clamp,508,440,8000
2026-04-08T01:54:21Z,818ef1e,main,round,461,440,4000
2026-04-08T01:54:21Z,818ef1e,main,sqrt,485,440,801
2026-04-08T01:54:21Z,818ef1e,main,abs,468,440,4000
2026-04-08T01:54:21Z,818ef1e,main,amplitude_to_db,509,490,4000
2026-04-08T01:54:21Z,818ef1e,main,db_to_amplitude,516,480,8000
2026-04-08T01:54:21Z,818ef1e,main,db_gain_factor,500,480,7000
2026-04-08T01:54:21Z,818ef1e,main,midi_to_freq,497,470,5000
2026-04-08T01:54:21Z,818ef1e,main,freq_to_midi,492,470,6000
2026-04-08T01:54:21Z,818ef1e,main,time_constant,523,500,5000
2026-04-08T01:54:21Z,818ef1e,main,pan_center,575,541,11000
2026-04-08T01:54:21Z,818ef1e,main,crossfade_mid,562,531,6000
2026-04-08T01:54:21Z,818ef1e,main,category_name,465,440,3000
2026-04-08T01:54:21Z,818ef1e,main,category_from_str,1000,1000,7000
2026-04-08T01:54:21Z,818ef1e,main,value_integer,486,450,11000
2026-04-08T01:54:21Z,818ef1e,main,value_as_f64,504,460,6000
2026-04-08T01:54:21Z,818ef1e,main,sanitize_4096,16000,16000,22000
2026-04-08T01:54:21Z,818ef1e,main,poly_blep_4096,37000,36000,67000
2026-04-08T01:54:21Z,818ef1e,main,hypot_4096,17000,16000,25000
2026-04-08T01:54:21Z,818ef1e,main,sqrt_4096,11000,11000,29000
2026-04-08T01:54:21Z,818ef1e,main,round_4096,10000,10000,18000
2026-04-08T01:54:21Z,818ef1e,main,simd_add_4096,2000,2000,15000
2026-04-08T01:54:21Z,818ef1e,main,simd_mul_4096,2000,2000,6000
2026-04-08T01:54:21Z,818ef1e,main,simd_sub_4096,2000,2000,2000
2026-04-08T01:54:21Z,818ef1e,main,simd_mac_4096,26000,22000,264000
2026-04-08T01:54:21Z,818ef1e,main,simd_div_4096,3000,3000,7000
2026-04-08T01:54:21Z,818ef1e,main,simd_sqrt_4096,5000,5000,12000
2026-04-08T01:54:21Z,818ef1e,main,simd_abs_4096,1000,1000,1000
2026-04-08T01:54:21Z,818ef1e,main,addition,2000,2000,96000
2026-04-08T01:54:21Z,818ef1e,main,mixed_ops,3000,2000,107000
2026-04-08T01:54:21Z,818ef1e,main,parentheses,3000,2000,119000
2026-04-08T01:54:21Z,818ef1e,main,division,3000,2000,113000
2026-04-08T01:54:21Z,818ef1e,main,sqrt,3000,2000,221000
2026-04-08T01:54:21Z,818ef1e,main,sin,3000,2000,196000
2026-04-08T01:54:21Z,818ef1e,main,log2,3000,2000,141000
2026-04-08T01:54:21Z,818ef1e,main,pow,3000,3000,127000
2026-04-08T01:54:21Z,818ef1e,main,min,3000,2000,124000
2026-04-08T01:54:21Z,818ef1e,main,mixed_ops_funcs,4000,3000,136000
2026-04-08T01:54:21Z,818ef1e,main,nested_parens,5000,4000,3232000
2026-04-08T01:54:21Z,818ef1e,main,trig_chain,4000,4000,230000
2026-04-08T01:54:21Z,818ef1e,main,long_addition,4000,3000,220000
2026-04-08T01:54:21Z,818ef1e,main,sci_add,3000,2000,64000
2026-04-08T01:54:21Z,818ef1e,main,sci_mul,3000,2000,207000
2026-04-08T01:54:21Z,818ef1e,main,tok_simple,2000,2000,211000
2026-04-08T01:54:21Z,818ef1e,main,tok_complex,3000,3000,206000
2026-04-08T01:54:21Z,818ef1e,main,km_to_miles,755,671,9000
2026-04-08T01:54:21Z,818ef1e,main,celsius_to_fahr,719,651,15000
2026-04-08T01:54:21Z,818ef1e,main,bytes_to_gb,770,741,8000
2026-04-08T01:54:21Z,818ef1e,main,bytes_to_gib,710,671,74000
2026-04-08T01:54:21Z,818ef1e,main,gb_to_gib_cross,820,761,11000
2026-04-08T01:54:21Z,818ef1e,main,same_unit_id,691,651,6000
2026-04-08T01:54:21Z,818ef1e,main,exact_symbol,567,531,5000
2026-04-08T01:54:21Z,818ef1e,main,by_name,762,721,13000
2026-04-08T01:54:21Z,818ef1e,main,case_insensitive,793,751,11000
2026-04-08T01:54:21Z,818ef1e,main,plural,730,691,15000
2026-04-08T01:54:21Z,818ef1e,main,miss,1000,982,13000
2026-04-08T01:54:21Z,818ef1e,main,alias_kph,633,601,22000
2026-04-08T01:54:21Z,818ef1e,main,mpg_to_l100km,804,771,5000
2026-04-08T01:54:21Z,818ef1e,main,density_g_to_kg,776,751,5000
2026-04-08T01:54:21Z,818ef1e,main,viscosity_cp_pas,694,681,4000
2026-04-08T01:54:21Z,818ef1e,main,lux_to_fc,886,831,5000
2026-04-08T01:54:21Z,818ef1e,main,registry_creation,169000,144000,456000
2026-04-14T21:10:17Z,545e8d2,main,is_prime_small,17000,16000,81000
2026-04-14T21:10:17Z,545e8d2,main,is_prime_large,102000,98000,176000
2026-04-14T21:10:17Z,545e8d2,main,next_prime,25000,24000,82000
2026-04-14T21:10:17Z,545e8d2,main,factor_small,559,440,119000
2026-04-14T21:10:17Z,545e8d2,main,factor_large,4000,4000,12000
2026-04-14T21:10:17Z,545e8d2,main,totient,456,440,4000
2026-04-14T21:10:17Z,545e8d2,main,fibonacci,596,571,4000
2026-04-14T21:10:17Z,545e8d2,main,binomial,534,501,6000
2026-04-14T21:10:17Z,545e8d2,main,poly_blep_mid,402,390,4000
2026-04-14T21:10:17Z,545e8d2,main,poly_blep_edge,407,391,4000
2026-04-14T21:10:17Z,545e8d2,main,angular_frequency,397,381,4000
2026-04-14T21:10:17Z,545e8d2,main,sanitize_finite,407,380,3000
2026-04-14T21:10:17Z,545e8d2,main,sanitize_nan,397,380,4000
2026-04-14T21:10:17Z,545e8d2,main,hypot,399,390,3000
2026-04-14T21:10:17Z,545e8d2,main,lerp,395,380,7000
2026-04-14T21:10:17Z,545e8d2,main,clamp,394,380,671
2026-04-14T21:10:17Z,545e8d2,main,round,395,380,3000
2026-04-14T21:10:17Z,545e8d2,main,sqrt,395,380,3000
2026-04-14T21:10:17Z,545e8d2,main,abs,395,380,3000
2026-04-14T21:10:17Z,545e8d2,main,amplitude_to_db,442,420,3000
2026-04-14T21:10:17Z,545e8d2,main,db_to_amplitude,424,410,4000
2026-04-14T21:10:17Z,545e8d2,main,db_gain_factor,424,410,4000
2026-04-14T21:10:17Z,545e8d2,main,midi_to_freq,425,410,4000
2026-04-14T21:10:17Z,545e8d2,main,freq_to_midi,435,400,972
2026-04-14T21:10:17Z,545e8d2,main,time_constant,439,430,4000
2026-04-14T21:10:17Z,545e8d2,main,pan_center,499,461,9000
2026-04-14T21:10:17Z,545e8d2,main,crossfade_mid,485,460,6000
2026-04-14T21:10:17Z,545e8d2,main,category_name,408,380,5000
2026-04-14T21:10:17Z,545e8d2,main,category_from_str,1000,1000,5000
2026-04-14T21:10:17Z,545e8d2,main,value_integer,423,380,10000
2026-04-14T21:10:17Z,545e8d2,main,value_as_f64,435,400,5000
2026-04-14T21:10:17Z,545e8d2,main,sanitize_4096,16000,15000,30000
2026-04-14T21:10:17Z,545e8d2,main,poly_blep_4096,38000,35000,73000
2026-04-14T21:10:17Z,545e8d2,main,hypot_4096,15000,14000,33000
2026-04-14T21:10:17Z,545e8d2,main,sqrt_4096,11000,9000,23000
2026-04-14T21:10:17Z,545e8d2,main,round_4096,12000,11000,23000
2026-04-14T21:10:17Z,545e8d2,main,simd_add_4096,1000,1000,18000
2026-04-14T21:10:17Z,545e8d2,main,simd_mul_4096,1000,1000,5000
2026-04-14T21:10:17Z,545e8d2,main,simd_sub_4096,1000,1000,2000
2026-04-14T21:10:17Z,545e8d2,main,simd_mac_4096,28000,23000,417000
2026-04-14T21:10:17Z,545e8d2,main,simd_div_4096,3000,2000,25000
2026-04-14T21:10:17Z,545e8d2,main,simd_sqrt_4096,5000,4000,10000
2026-04-14T21:10:17Z,545e8d2,main,simd_abs_4096,1000,1000,6000
2026-04-14T21:10:17Z,545e8d2,main,addition,2000,2000,219000
2026-04-14T21:10:17Z,545e8d2,main,mixed_ops,2000,2000,224000
2026-04-14T21:10:17Z,545e8d2,main,parentheses,3000,2000,217000
2026-04-14T21:10:17Z,545e8d2,main,division,2000,2000,217000
2026-04-14T21:10:17Z,545e8d2,main,sqrt,3000,2000,224000
2026-04-14T21:10:17Z,545e8d2,main,sin,3000,2000,218000
2026-04-14T21:10:17Z,545e8d2,main,log2,3000,2000,223000
2026-04-14T21:10:17Z,545e8d2,main,pow,3000,2000,215000
2026-04-14T21:10:17Z,545e8d2,main,min,3000,2000,138000
2026-04-14T21:10:17Z,545e8d2,main,mixed_ops_funcs,3000,3000,136000
2026-04-14T21:10:17Z,545e8d2,main,nested_parens,4000,3000,138000
2026-04-14T21:10:17Z,545e8d2,main,trig_chain,4000,3000,138000
2026-04-14T21:10:17Z,545e8d2,main,long_addition,4000,3000,140000
2026-04-14T21:10:17Z,545e8d2,main,sci_add,2000,2000,136000
2026-04-14T21:10:17Z,545e8d2,main,sci_mul,2000,2000,138000
2026-04-14T21:10:17Z,545e8d2,main,tok_simple,2000,2000,139000
2026-04-14T21:10:17Z,545e8d2,main,tok_complex,3000,3000,141000
2026-04-14T21:10:17Z,545e8d2,main,km_to_miles,650,621,9000
2026-04-14T21:10:17Z,545e8d2,main,celsius_to_fahr,605,581,5000
2026-04-14T21:10:17Z,545e8d2,main,bytes_to_gb,715,681,4000
2026-04-14T21:10:17Z,545e8d2,main,bytes_to_gib,630,611,3000
2026-04-14T21:10:17Z,545e8d2,main,gb_to_gib_cross,743,721,32000
2026-04-14T21:10:17Z,545e8d2,main,same_unit_id,636,601,1000
2026-04-14T21:10:17Z,545e8d2,main,exact_symbol,495,480,4000
2026-04-14T21:10:17Z,545e8d2,main,by_name,754,721,13000
2026-04-14T21:10:17Z,545e8d2,main,case_insensitive,788,751,5000
2026-04-14T21:10:17Z,545e8d2,main,plural,749,701,7000
2026-04-14T21:10:17Z,545e8d2,main,miss,1000,1000,16000
2026-04-14T21:10:17Z,545e8d2,main,alias_kph,593,561,8000
2026-04-14T21:10:17Z,545e8d2,main,mpg_to_l100km,793,761,5000
2026-04-14T21:10:17Z,545e8d2,main,density_g_to_kg,742,721,5000
2026-04-14T21:10:17Z,545e8d2,main,viscosity_cp_pas,650,631,3000
2026-04-14T21:10:17Z,545e8d2,main,lux_to_fc,837,801,6000
2026-04-14T21:10:17Z,545e8d2,main,registry_creation,101000,95000,311000
2026-04-15T00:50:23Z,65c070e,main,is_prime_small,2000,2000,35000
2026-04-15T00:50:23Z,65c070e,main,is_prime_large,4000,4000,24000
2026-04-15T00:50:23Z,65c070e,main,next_prime,2000,2000,13000
2026-04-15T00:50:23Z,65c070e,main,factor_small,538,431,6000
2026-04-15T00:50:23Z,65c070e,main,factor_large,4000,4000,31000
2026-04-15T00:50:23Z,65c070e,main,totient,462,450,3000
2026-04-15T00:50:23Z,65c070e,main,fibonacci,595,571,4000
2026-04-15T00:50:23Z,65c070e,main,binomial,521,510,4000
2026-04-15T00:50:23Z,65c070e,main,poly_blep_mid,414,390,931
2026-04-15T00:50:23Z,65c070e,main,poly_blep_edge,409,391,4000
2026-04-15T00:50:23Z,65c070e,main,angular_frequency,401,390,3000
2026-04-15T00:50:23Z,65c070e,main,sanitize_finite,402,390,3000
2026-04-15T00:50:23Z,65c070e,main,sanitize_nan,406,380,7000
2026-04-15T00:50:23Z,65c070e,main,hypot,401,390,4000
2026-04-15T00:50:23Z,65c070e,main,lerp,409,390,3000
2026-04-15T00:50:23Z,65c070e,main,clamp,401,390,521
2026-04-15T00:50:23Z,65c070e,main,round,400,390,461
2026-04-15T00:50:23Z,65c070e,main,sqrt,399,390,3000
2026-04-15T00:50:23Z,65c070e,main,abs,400,380,3000
2026-04-15T00:50:23Z,65c070e,main,amplitude_to_db,438,420,832
2026-04-15T00:50:23Z,65c070e,main,db_to_amplitude,431,411,4000
2026-04-15T00:50:23Z,65c070e,main,db_gain_factor,425,410,4000
2026-04-15T00:50:23Z,65c070e,main,midi_to_freq,429,410,4000
2026-04-15T00:50:23Z,65c070e,main,freq_to_midi,426,410,3000
2026-04-15T00:50:23Z,65c070e,main,time_constant,445,430,4000
2026-04-15T00:50:23Z,65c070e,main,pan_center,490,461,10000
2026-04-15T00:50:23Z,65c070e,main,crossfade_mid,491,461,5000
2026-04-15T00:50:23Z,65c070e,main,category_name,401,381,3000
2026-04-15T00:50:23Z,65c070e,main,category_from_str,1000,1000,6000
2026-04-15T00:50:23Z,65c070e,main,value_integer,430,380,54000
2026-04-15T00:50:23Z,65c070e,main,value_as_f64,435,400,6000
2026-04-15T00:50:23Z,65c070e,main,sanitize_4096,16000,15000,28000
2026-04-15T00:50:23Z,65c070e,main,poly_blep_4096,36000,36000,65000
2026-04-15T00:50:23Z,65c070e,main,hypot_4096,15000,14000,18000
2026-04-15T00:50:23Z,65c070e,main,sqrt_4096,10000,10000,14000
2026-04-15T00:50:23Z,65c070e,main,round_4096,11000,11000,18000
2026-04-15T00:50:23Z,65c070e,main,simd_add_4096,1000,1000,18000
2026-04-15T00:50:23Z,65c070e,main,simd_mul_4096,1000,1000,1000
2026-04-15T00:50:23Z,65c070e,main,simd_sub_4096,1000,1000,1000
2026-04-15T00:50:23Z,65c070e,main,simd_mac_4096,26000,22000,240000
2026-04-15T00:50:23Z,65c070e,main,simd_div_4096,2000,2000,2000
2026-04-15T00:50:23Z,65c070e,main,simd_sqrt_4096,4000,4000,8000
2026-04-15T00:50:23Z,65c070e,main,simd_abs_4096,1000,1000,5000
2026-04-15T00:50:23Z,65c070e,main,addition,2000,2000,37000
2026-04-15T00:50:23Z,65c070e,main,mixed_ops,3000,2000,214000
2026-04-15T00:50:23Z,65c070e,main,parentheses,3000,2000,255000
2026-04-15T00:50:23Z,65c070e,main,division,2000,2000,217000
2026-04-15T00:50:23Z,65c070e,main,sqrt,3000,2000,218000
2026-04-15T00:50:23Z,65c070e,main,sin,3000,2000,217000
2026-04-15T00:50:23Z,65c070e,main,log2,3000,2000,218000
2026-04-15T00:50:23Z,65c070e,main,pow,3000,3000,220000
2026-04-15T00:50:23Z,65c070e,main,min,3000,2000,213000
2026-04-15T00:50:23Z,65c070e,main,mixed_ops_funcs,3000,3000,219000
2026-04-15T00:50:23Z,65c070e,main,nested_parens,4000,3000,222000
2026-04-15T00:50:23Z,65c070e,main,trig_chain,4000,3000,219000
2026-04-15T00:50:23Z,65c070e,main,long_addition,4000,3000,215000
2026-04-15T00:50:23Z,65c070e,main,sci_add,2000,2000,216000
2026-04-15T00:50:23Z,65c070e,main,sci_mul,2000,2000,224000
2026-04-15T00:50:23Z,65c070e,main,tok_simple,2000,2000,215000
2026-04-15T00:50:23Z,65c070e,main,tok_complex,3000,3000,251000
2026-04-15T00:50:23Z,65c070e,main,km_to_miles,668,621,20000
2026-04-15T00:50:23Z,65c070e,main,celsius_to_fahr,622,591,5000
2026-04-15T00:50:23Z,65c070e,main,bytes_to_gb,726,691,5000
2026-04-15T00:50:23Z,65c070e,main,bytes_to_gib,642,631,27000
2026-04-15T00:50:23Z,65c070e,main,gb_to_gib_cross,766,731,4000
2026-04-15T00:50:23Z,65c070e,main,same_unit_id,635,621,4000
2026-04-15T00:50:23Z,65c070e,main,exact_symbol,510,490,8000
2026-04-15T00:50:23Z,65c070e,main,by_name,738,721,1000
2026-04-15T00:50:23Z,65c070e,main,case_insensitive,809,771,15000
2026-04-15T00:50:23Z,65c070e,main,plural,690,661,11000
2026-04-15T00:50:23Z,65c070e,main,miss,1000,1000,6000
2026-04-15T00:50:23Z,65c070e,main,alias_kph,609,571,5000
2026-04-15T00:50:23Z,65c070e,main,mpg_to_l100km,799,771,4000
2026-04-15T00:50:23Z,65c070e,main,density_g_to_kg,768,741,4000
2026-04-15T00:50:23Z,65c070e,main,viscosity_cp_pas,683,641,5000
2026-04-15T00:50:23Z,65c070e,main,lux_to_fc,837,801,6000
2026-04-15T00:50:23Z,65c070e,main,registry_creation,104000,99000,164000
2026-04-15T00:50:35Z,65c070e,main,is_prime_small,2000,2000,25000
2026-04-15T00:50:35Z,65c070e,main,is_prime_large,4000,4000,18000
2026-04-15T00:50:35Z,65c070e,main,next_prime,2000,2000,28000
2026-04-15T00:50:35Z,65c070e,main,factor_small,541,440,7000
2026-04-15T00:50:35Z,65c070e,main,factor_large,4000,4000,13000
2026-04-15T00:50:35Z,65c070e,main,totient,460,440,4000
2026-04-15T00:50:35Z,65c070e,main,fibonacci,593,581,5000
2026-04-15T00:50:35Z,65c070e,main,binomial,535,510,5000
2026-04-15T00:50:35Z,65c070e,main,poly_blep_mid,414,400,4000
2026-04-15T00:50:35Z,65c070e,main,poly_blep_edge,413,400,4000
2026-04-15T00:50:35Z,65c070e,main,angular_frequency,441,390,6000
2026-04-15T00:50:35Z,65c070e,main,sanitize_finite,422,390,7000
2026-04-15T00:50:35Z,65c070e,main,sanitize_nan,428,380,14000
2026-04-15T00:50:35Z,65c070e,main,hypot,417,400,5000
2026-04-15T00:50:35Z,65c070e,main,lerp,436,390,5000
2026-04-15T00:50:35Z,65c070e,main,clamp,411,390,4000
2026-04-15T00:50:35Z,65c070e,main,round,429,390,5000
2026-04-15T00:50:35Z,65c070e,main,sqrt,405,390,3000
2026-04-15T00:50:35Z,65c070e,main,abs,446,390,1000
2026-04-15T00:50:35Z,65c070e,main,amplitude_to_db,456,431,7000
2026-04-15T00:50:35Z,65c070e,main,db_to_amplitude,476,420,4000
2026-04-15T00:50:35Z,65c070e,main,db_gain_factor,457,420,21000
2026-04-15T00:50:35Z,65c070e,main,midi_to_freq,479,430,5000
2026-04-15T00:50:35Z,65c070e,main,freq_to_midi,431,420,4000
2026-04-15T00:50:35Z,65c070e,main,time_constant,512,440,6000
2026-04-15T00:50:35Z,65c070e,main,pan_center,499,470,10000
2026-04-15T00:50:35Z,65c070e,main,crossfade_mid,502,470,5000
2026-04-15T00:50:35Z,65c070e,main,category_name,404,390,3000
2026-04-15T00:50:35Z,65c070e,main,category_from_str,1000,1000,366000
2026-04-15T00:50:35Z,65c070e,main,value_integer,421,390,10000
2026-04-15T00:50:35Z,65c070e,main,value_as_f64,485,401,6000
2026-04-15T00:50:35Z,65c070e,main,sanitize_4096,16000,15000,27000
2026-04-15T00:50:35Z,65c070e,main,poly_blep_4096,40000,36000,73000
2026-04-15T00:50:35Z,65c070e,main,hypot_4096,16000,14000,32000
2026-04-15T00:50:35Z,65c070e,main,sqrt_4096,11000,10000,23000
2026-04-15T00:50:35Z,65c070e,main,round_4096,12000,11000,27000
2026-04-15T00:50:35Z,65c070e,main,simd_add_4096,1000,1000,22000
2026-04-15T00:50:35Z,65c070e,main,simd_mul_4096,1000,1000,6000
2026-04-15T00:50:35Z,65c070e,main,simd_sub_4096,1000,1000,5000
2026-04-15T00:50:35Z,65c070e,main,simd_mac_4096,26000,23000,43000
2026-04-15T00:50:35Z,65c070e,main,simd_div_4096,2000,2000,6000
2026-04-15T00:50:35Z,65c070e,main,simd_sqrt_4096,4000,4000,11000
2026-04-15T00:50:35Z,65c070e,main,simd_abs_4096,1000,1000,7000
2026-04-15T00:50:35Z,65c070e,main,addition,2000,2000,216000
2026-04-15T00:50:35Z,65c070e,main,mixed_ops,2000,2000,34000
2026-04-15T00:50:35Z,65c070e,main,parentheses,3000,2000,12000
2026-04-15T00:50:35Z,65c070e,main,division,2000,2000,10000
2026-04-15T00:50:35Z,65c070e,main,sqrt,3000,2000,17000
2026-04-15T00:50:35Z,65c070e,main,sin,3000,2000,14000
2026-04-15T00:50:35Z,65c070e,main,log2,3000,2000,109000
2026-04-15T00:50:35Z,65c070e,main,pow,3000,3000,224000
2026-04-15T00:50:35Z,65c070e,main,min,3000,2000,222000
2026-04-15T00:50:35Z,65c070e,main,mixed_ops_funcs,3000,3000,235000
2026-04-15T00:50:35Z,65c070e,main,nested_parens,4000,3000,226000
2026-04-15T00:50:35Z,65c070e,main,trig_chain,4000,3000,221000
2026-04-15T00:50:35Z,65c070e,main,long_addition,4000,3000,231000
2026-04-15T00:50:35Z,65c070e,main,sci_add,2000,2000,215000
2026-04-15T00:50:35Z,65c070e,main,sci_mul,2000,2000,245000
2026-04-15T00:50:35Z,65c070e,main,tok_simple,2000,2000,220000
2026-04-15T00:50:35Z,65c070e,main,tok_complex,3000,3000,232000
2026-04-15T00:50:35Z,65c070e,main,km_to_miles,659,621,22000
2026-04-15T00:50:35Z,65c070e,main,celsius_to_fahr,609,591,4000
2026-04-15T00:50:35Z,65c070e,main,bytes_to_gb,715,701,4000
2026-04-15T00:50:35Z,65c070e,main,bytes_to_gib,643,631,4000
2026-04-15T00:50:35Z,65c070e,main,gb_to_gib_cross,751,722,27000
2026-04-15T00:50:35Z,65c070e,main,same_unit_id,639,611,4000
2026-04-15T00:50:35Z,65c070e,main,exact_symbol,511,491,3000
2026-04-15T00:50:35Z,65c070e,main,by_name,740,721,17000
2026-04-15T00:50:35Z,65c070e,main,case_insensitive,807,771,10000
2026-04-15T00:50:35Z,65c070e,main,plural,682,651,6000
2026-04-15T00:50:35Z,65c070e,main,miss,1000,1000,5000
2026-04-15T00:50:35Z,65c070e,main,alias_kph,595,571,15000
2026-04-15T00:50:35Z,65c070e,main,mpg_to_l100km,793,771,5000
2026-04-15T00:50:35Z,65c070e,main,density_g_to_kg,774,741,6000
2026-04-15T00:50:35Z,65c070e,main,viscosity_cp_pas,674,641,7000
2026-04-15T00:50:35Z,65c070e,main,lux_to_fc,825,801,4000
2026-04-15T00:50:35Z,65c070e,main,registry_creation,104000,99000,152000
2026-04-15T00:51:01Z,65c070e,main,is_prime_small,2000,2000,25000
2026-04-15T00:51:01Z,65c070e,main,is_prime_large,4000,4000,23000
2026-04-15T00:51:01Z,65c070e,main,next_prime,2000,2000,10000
2026-04-15T00:51:01Z,65c070e,main,factor_small,543,440,9000
2026-04-15T00:51:01Z,65c070e,main,factor_large,4000,4000,14000
2026-04-15T00:51:01Z,65c070e,main,totient,457,440,6000
2026-04-15T00:51:01Z,65c070e,main,fibonacci,601,571,4000
2026-04-15T00:51:01Z,65c070e,main,binomial,537,500,6000
2026-04-15T00:51:01Z,65c070e,main,poly_blep_mid,409,390,7000
2026-04-15T00:51:01Z,65c070e,main,poly_blep_edge,415,391,4000
2026-04-15T00:51:01Z,65c070e,main,angular_frequency,406,380,4000
2026-04-15T00:51:01Z,65c070e,main,sanitize_finite,402,390,672
2026-04-15T00:51:01Z,65c070e,main,sanitize_nan,405,381,6000
2026-04-15T00:51:01Z,65c070e,main,hypot,401,390,4000
2026-04-15T00:51:01Z,65c070e,main,lerp,412,390,1000
2026-04-15T00:51:01Z,65c070e,main,clamp,401,390,471
2026-04-15T00:51:01Z,65c070e,main,round,405,390,3000
2026-04-15T00:51:01Z,65c070e,main,sqrt,402,390,3000
2026-04-15T00:51:01Z,65c070e,main,abs,401,390,461
2026-04-15T00:51:01Z,65c070e,main,amplitude_to_db,437,420,561
2026-04-15T00:51:01Z,65c070e,main,db_to_amplitude,430,420,9000
2026-04-15T00:51:01Z,65c070e,main,db_gain_factor,427,420,3000
2026-04-15T00:51:01Z,65c070e,main,midi_to_freq,428,410,4000
2026-04-15T00:51:01Z,65c070e,main,freq_to_midi,436,411,5000
2026-04-15T00:51:01Z,65c070e,main,time_constant,445,430,5000
2026-04-15T00:51:01Z,65c070e,main,pan_center,497,460,10000
2026-04-15T00:51:01Z,65c070e,main,crossfade_mid,490,460,8000
2026-04-15T00:51:01Z,65c070e,main,category_name,410,390,5000
2026-04-15T00:51:01Z,65c070e,main,category_from_str,1000,1000,8000
2026-04-15T00:51:01Z,65c070e,main,value_integer,442,380,13000
2026-04-15T00:51:01Z,65c070e,main,value_as_f64,437,400,7000
2026-04-15T00:51:01Z,65c070e,main,sanitize_4096,16000,15000,35000
2026-04-15T00:51:01Z,65c070e,main,poly_blep_4096,36000,36000,62000
2026-04-15T00:51:01Z,65c070e,main,hypot_4096,15000,14000,26000
2026-04-15T00:51:01Z,65c070e,main,sqrt_4096,10000,10000,18000
2026-04-15T00:51:01Z,65c070e,main,round_4096,12000,11000,30000
2026-04-15T00:51:01Z,65c070e,main,simd_add_4096,1000,1000,12000
2026-04-15T00:51:01Z,65c070e,main,simd_mul_4096,1000,1000,2000
2026-04-15T00:51:01Z,65c070e,main,simd_sub_4096,1000,1000,5000
2026-04-15T00:51:01Z,65c070e,main,simd_mac_4096,25000,22000,245000
2026-04-15T00:51:01Z,65c070e,main,simd_div_4096,2000,2000,6000
2026-04-15T00:51:01Z,65c070e,main,simd_sqrt_4096,4000,4000,8000
2026-04-15T00:51:01Z,65c070e,main,simd_abs_4096,1000,1000,2000
2026-04-15T00:51:01Z,65c070e,main,addition,2000,2000,108000
2026-04-15T00:51:01Z,65c070e,main,mixed_ops,2000,2000,216000
2026-04-15T00:51:01Z,65c070e,main,parentheses,3000,2000,217000
2026-04-15T00:51:01Z,65c070e,main,division,2000,2000,215000
2026-04-15T00:51:01Z,65c070e,main,sqrt,3000,2000,215000
2026-04-15T00:51:01Z,65c070e,main,sin,3000,2000,218000
2026-04-15T00:51:01Z,65c070e,main,log2,3000,2000,223000
2026-04-15T00:51:01Z,65c070e,main,pow,3000,3000,220000
2026-04-15T00:51:01Z,65c070e,main,min,3000,2000,216000
2026-04-15T00:51:01Z,65c070e,main,mixed_ops_funcs,3000,3000,226000
2026-04-15T00:51:01Z,65c070e,main,nested_parens,4000,3000,220000
2026-04-15T00:51:01Z,65c070e,main,trig_chain,4000,3000,228000
2026-04-15T00:51:01Z,65c070e,main,long_addition,4000,3000,221000
2026-04-15T00:51:01Z,65c070e,main,sci_add,2000,2000,214000
2026-04-15T00:51:01Z,65c070e,main,sci_mul,2000,2000,222000
2026-04-15T00:51:01Z,65c070e,main,tok_simple,2000,2000,227000
2026-04-15T00:51:01Z,65c070e,main,tok_complex,3000,3000,149000
2026-04-15T00:51:01Z,65c070e,main,km_to_miles,659,621,10000
2026-04-15T00:51:01Z,65c070e,main,celsius_to_fahr,620,591,6000
2026-04-15T00:51:01Z,65c070e,main,bytes_to_gb,710,691,3000
2026-04-15T00:51:01Z,65c070e,main,bytes_to_gib,646,621,51000
2026-04-15T00:51:01Z,65c070e,main,gb_to_gib_cross,757,741,4000
2026-04-15T00:51:01Z,65c070e,main,same_unit_id,631,621,1000
2026-04-15T00:51:01Z,65c070e,main,exact_symbol,508,490,4000
2026-04-15T00:51:01Z,65c070e,main,by_name,740,721,4000
2026-04-15T00:51:01Z,65c070e,main,case_insensitive,807,771,8000
2026-04-15T00:51:01Z,65c070e,main,plural,686,661,6000
2026-04-15T00:51:01Z,65c070e,main,miss,1000,1000,5000
2026-04-15T00:51:01Z,65c070e,main,alias_kph,615,571,5000
2026-04-15T00:51:01Z,65c070e,main,mpg_to_l100km,797,771,5000
2026-04-15T00:51:01Z,65c070e,main,density_g_to_kg,775,741,13000
2026-04-15T00:51:01Z,65c070e,main,viscosity_cp_pas,665,651,4000
2026-04-15T00:51:01Z,65c070e,main,lux_to_fc,829,811,9000
2026-04-15T00:51:01Z,65c070e,main,registry_creation,106000,101000,183000
2026-04-15T00:51:20Z,65c070e,main,is_prime_small,2000,2000,35000
2026-04-15T00:51:20Z,65c070e,main,is_prime_large,4000,4000,32000
2026-04-15T00:51:20Z,65c070e,main,next_prime,2000,2000,14000
2026-04-15T00:51:20Z,65c070e,main,factor_small,536,440,5000
2026-04-15T00:51:20Z,65c070e,main,factor_large,4000,4000,15000
2026-04-15T00:51:20Z,65c070e,main,totient,463,450,4000
2026-04-15T00:51:20Z,65c070e,main,fibonacci,602,571,6000
2026-04-15T00:51:20Z,65c070e,main,binomial,524,510,9000
2026-04-15T00:51:20Z,65c070e,main,poly_blep_mid,417,400,6000
2026-04-15T00:51:20Z,65c070e,main,poly_blep_edge,413,400,4000
2026-04-15T00:51:20Z,65c070e,main,angular_frequency,410,390,4000
2026-04-15T00:51:20Z,65c070e,main,sanitize_finite,405,390,4000
2026-04-15T00:51:20Z,65c070e,main,sanitize_nan,416,390,4000
2026-04-15T00:51:20Z,65c070e,main,hypot,411,390,912
2026-04-15T00:51:20Z,65c070e,main,lerp,407,390,3000
2026-04-15T00:51:20Z,65c070e,main,clamp,405,390,731
2026-04-15T00:51:20Z,65c070e,main,round,415,390,4000
2026-04-15T00:51:20Z,65c070e,main,sqrt,406,390,4000
2026-04-15T00:51:20Z,65c070e,main,abs,411,390,932
2026-04-15T00:51:20Z,65c070e,main,amplitude_to_db,445,430,5000
2026-04-15T00:51:20Z,65c070e,main,db_to_amplitude,437,420,3000
2026-04-15T00:51:20Z,65c070e,main,db_gain_factor,433,420,4000
2026-04-15T00:51:20Z,65c070e,main,midi_to_freq,434,420,3000
2026-04-15T00:51:20Z,65c070e,main,freq_to_midi,435,420,3000
2026-04-15T00:51:20Z,65c070e,main,time_constant,478,431,7000
2026-04-15T00:51:20Z,65c070e,main,pan_center,498,470,13000
2026-04-15T00:51:20Z,65c070e,main,crossfade_mid,499,470,4000
2026-04-15T00:51:20Z,65c070e,main,category_name,403,390,551
2026-04-15T00:51:20Z,65c070e,main,category_from_str,1000,1000,6000
2026-04-15T00:51:20Z,65c070e,main,value_integer,427,390,7000
2026-04-15T00:51:20Z,65c070e,main,value_as_f64,441,400,4000
2026-04-15T00:51:20Z,65c070e,main,sanitize_4096,16000,15000,34000
2026-04-15T00:51:20Z,65c070e,main,poly_blep_4096,37000,36000,65000
2026-04-15T00:51:20Z,65c070e,main,hypot_4096,15000,14000,49000
2026-04-15T00:51:20Z,65c070e,main,sqrt_4096,10000,10000,17000
2026-04-15T00:51:20Z,65c070e,main,round_4096,11000,11000,18000
2026-04-15T00:51:20Z,65c070e,main,simd_add_4096,1000,1000,14000
2026-04-15T00:51:20Z,65c070e,main,simd_mul_4096,1000,1000,5000
2026-04-15T00:51:20Z,65c070e,main,simd_sub_4096,1000,1000,2000
2026-04-15T00:51:20Z,65c070e,main,simd_mac_4096,25000,22000,40000
2026-04-15T00:51:20Z,65c070e,main,simd_div_4096,2000,2000,7000
2026-04-15T00:51:20Z,65c070e,main,simd_sqrt_4096,4000,4000,8000
2026-04-15T00:51:20Z,65c070e,main,simd_abs_4096,1000,1000,6000
2026-04-15T00:51:20Z,65c070e,main,addition,2000,2000,236000
2026-04-15T00:51:20Z,65c070e,main,mixed_ops,2000,2000,49000
2026-04-15T00:51:20Z,65c070e,main,parentheses,3000,2000,13000
2026-04-15T00:51:20Z,65c070e,main,division,2000,2000,252000
2026-04-15T00:51:20Z,65c070e,main,sqrt,3000,2000,111000
2026-04-15T00:51:20Z,65c070e,main,sin,3000,2000,12000
2026-04-15T00:51:20Z,65c070e,main,log2,3000,2000,11000
2026-04-15T00:51:20Z,65c070e,main,pow,3000,3000,218000
2026-04-15T00:51:20Z,65c070e,main,min,3000,2000,217000
2026-04-15T00:51:20Z,65c070e,main,mixed_ops_funcs,3000,3000,231000
2026-04-15T00:51:20Z,65c070e,main,nested_parens,4000,3000,217000
2026-04-15T00:51:20Z,65c070e,main,trig_chain,4000,3000,223000
2026-04-15T00:51:20Z,65c070e,main,long_addition,4000,3000,221000
2026-04-15T00:51:20Z,65c070e,main,sci_add,2000,2000,228000
2026-04-15T00:51:20Z,65c070e,main,sci_mul,2000,2000,214000
2026-04-15T00:51:20Z,65c070e,main,tok_simple,2000,2000,214000
2026-04-15T00:51:20Z,65c070e,main,tok_complex,3000,3000,227000
2026-04-15T00:51:20Z,65c070e,main,km_to_miles,688,641,8000
2026-04-15T00:51:20Z,65c070e,main,celsius_to_fahr,620,601,952
2026-04-15T00:51:20Z,65c070e,main,bytes_to_gb,733,701,5000
2026-04-15T00:51:20Z,65c070e,main,bytes_to_gib,659,631,8000
2026-04-15T00:51:20Z,65c070e,main,gb_to_gib_cross,769,741,43000
2026-04-15T00:51:20Z,65c070e,main,same_unit_id,644,631,3000
2026-04-15T00:51:20Z,65c070e,main,exact_symbol,517,490,4000
2026-04-15T00:51:20Z,65c070e,main,by_name,757,741,4000
2026-04-15T00:51:20Z,65c070e,main,case_insensitive,821,781,9000
2026-04-15T00:51:20Z,65c070e,main,plural,700,661,5000
2026-04-15T00:51:20Z,65c070e,main,miss,1000,1000,5000
2026-04-15T00:51:20Z,65c070e,main,alias_kph,602,591,4000
2026-04-15T00:51:20Z,65c070e,main,mpg_to_l100km,804,771,6000
2026-04-15T00:51:20Z,65c070e,main,density_g_to_kg,771,741,4000
2026-04-15T00:51:20Z,65c070e,main,viscosity_cp_pas,672,651,3000
2026-04-15T00:51:20Z,65c070e,main,lux_to_fc,862,811,5000
2026-04-15T00:51:20Z,65c070e,main,registry_creation,106000,101000,284000
2026-04-15T00:51:27Z,65c070e,main,is_prime_small,2000,2000,19000
2026-04-15T00:51:27Z,65c070e,main,is_prime_large,4000,4000,39000
2026-04-15T00:51:27Z,65c070e,main,next_prime,2000,2000,28000
2026-04-15T00:51:27Z,65c070e,main,factor_small,546,440,9000
2026-04-15T00:51:27Z,65c070e,main,factor_large,4000,4000,22000
2026-04-15T00:51:27Z,65c070e,main,totient,462,440,881
2026-04-15T00:51:27Z,65c070e,main,fibonacci,595,571,5000
2026-04-15T00:51:27Z,65c070e,main,binomial,530,510,6000
2026-04-15T00:51:27Z,65c070e,main,poly_blep_mid,411,400,4000
2026-04-15T00:51:27Z,65c070e,main,poly_blep_edge,413,400,3000
2026-04-15T00:51:27Z,65c070e,main,angular_frequency,457,390,6000
2026-04-15T00:51:27Z,65c070e,main,sanitize_finite,418,390,5000
2026-04-15T00:51:27Z,65c070e,main,sanitize_nan,426,390,29000
2026-04-15T00:51:27Z,65c070e,main,hypot,411,390,10000
2026-04-15T00:51:27Z,65c070e,main,lerp,425,390,28000
2026-04-15T00:51:27Z,65c070e,main,clamp,413,400,7000
2026-04-15T00:51:27Z,65c070e,main,round,408,390,28000
2026-04-15T00:51:27Z,65c070e,main,sqrt,418,390,33000
2026-04-15T00:51:27Z,65c070e,main,abs,458,380,5000
2026-04-15T00:51:27Z,65c070e,main,amplitude_to_db,441,430,671
2026-04-15T00:51:27Z,65c070e,main,db_to_amplitude,433,420,4000
2026-04-15T00:51:27Z,65c070e,main,db_gain_factor,435,411,4000
2026-04-15T00:51:27Z,65c070e,main,midi_to_freq,434,420,3000
2026-04-15T00:51:27Z,65c070e,main,freq_to_midi,437,420,4000
2026-04-15T00:51:27Z,65c070e,main,time_constant,451,440,6000
2026-04-15T00:51:27Z,65c070e,main,pan_center,546,470,11000
2026-04-15T00:51:27Z,65c070e,main,crossfade_mid,515,470,7000
2026-04-15T00:51:27Z,65c070e,main,category_name,405,390,3000
2026-04-15T00:51:27Z,65c070e,main,category_from_str,1000,1000,5000
2026-04-15T00:51:27Z,65c070e,main,value_integer,447,390,13000
2026-04-15T00:51:27Z,65c070e,main,value_as_f64,443,410,6000
2026-04-15T00:51:27Z,65c070e,main,sanitize_4096,18000,15000,57000
2026-04-15T00:51:27Z,65c070e,main,poly_blep_4096,38000,36000,80000
2026-04-15T00:51:27Z,65c070e,main,hypot_4096,15000,14000,35000
2026-04-15T00:51:27Z,65c070e,main,sqrt_4096,12000,10000,23000
2026-04-15T00:51:27Z,65c070e,main,round_4096,11000,11000,19000
2026-04-15T00:51:27Z,65c070e,main,simd_add_4096,1000,1000,20000
2026-04-15T00:51:27Z,65c070e,main,simd_mul_4096,1000,1000,2000
2026-04-15T00:51:27Z,65c070e,main,simd_sub_4096,1000,1000,6000
2026-04-15T00:51:27Z,65c070e,main,simd_mac_4096,27000,23000,236000
2026-04-15T00:51:27Z,65c070e,main,simd_div_4096,2000,2000,6000
2026-04-15T00:51:27Z,65c070e,main,simd_sqrt_4096,5000,4000,9000
2026-04-15T00:51:27Z,65c070e,main,simd_abs_4096,2000,1000,6000
2026-04-15T00:51:27Z,65c070e,main,addition,2000,2000,222000
2026-04-15T00:51:27Z,65c070e,main,mixed_ops,3000,2000,237000
2026-04-15T00:51:27Z,65c070e,main,parentheses,3000,2000,227000
2026-04-15T00:51:27Z,65c070e,main,division,2000,2000,220000
2026-04-15T00:51:27Z,65c070e,main,sqrt,3000,2000,220000
2026-04-15T00:51:27Z,65c070e,main,sin,3000,2000,227000
2026-04-15T00:51:27Z,65c070e,main,log2,3000,2000,227000
2026-04-15T00:51:27Z,65c070e,main,pow,3000,3000,218000
2026-04-15T00:51:27Z,65c070e,main,min,3000,2000,215000
2026-04-15T00:51:27Z,65c070e,main,mixed_ops_funcs,4000,3000,221000
2026-04-15T00:51:27Z,65c070e,main,nested_parens,4000,3000,227000
2026-04-15T00:51:27Z,65c070e,main,trig_chain,5000,3000,224000
2026-04-15T00:51:27Z,65c070e,main,long_addition,4000,3000,218000
2026-04-15T00:51:27Z,65c070e,main,sci_add,2000,2000,225000
2026-04-15T00:51:27Z,65c070e,main,sci_mul,2000,2000,219000
2026-04-15T00:51:27Z,65c070e,main,tok_simple,2000,2000,145000
2026-04-15T00:51:27Z,65c070e,main,tok_complex,4000,3000,169000
2026-04-15T00:51:27Z,65c070e,main,km_to_miles,660,621,7000
2026-04-15T00:51:27Z,65c070e,main,celsius_to_fahr,683,591,19000
2026-04-15T00:51:27Z,65c070e,main,bytes_to_gb,797,701,33000
2026-04-15T00:51:27Z,65c070e,main,bytes_to_gib,664,631,4000
2026-04-15T00:51:27Z,65c070e,main,gb_to_gib_cross,757,731,4000
2026-04-15T00:51:27Z,65c070e,main,same_unit_id,634,611,5000
2026-04-15T00:51:27Z,65c070e,main,exact_symbol,505,490,7000
2026-04-15T00:51:27Z,65c070e,main,by_name,754,721,21000
2026-04-15T00:51:27Z,65c070e,main,case_insensitive,821,782,10000
2026-04-15T00:51:27Z,65c070e,main,plural,796,671,11000
2026-04-15T00:51:27Z,65c070e,main,miss,1000,1000,5000
2026-04-15T00:51:27Z,65c070e,main,alias_kph,598,581,1000
2026-04-15T00:51:27Z,65c070e,main,mpg_to_l100km,844,771,7000
2026-04-15T00:51:27Z,65c070e,main,density_g_to_kg,804,741,6000
2026-04-15T00:51:27Z,65c070e,main,viscosity_cp_pas,672,641,5000
2026-04-15T00:51:27Z,65c070e,main,lux_to_fc,959,811,17000
2026-04-15T00:51:27Z,65c070e,main,registry_creation,107000,99000,341000
2026-04-15T00:51:45Z,65c070e,main,is_prime_small,2000,2000,26000
2026-04-15T00:51:45Z,65c070e,main,is_prime_large,4000,4000,40000
2026-04-15T00:51:45Z,65c070e,main,next_prime,2000,2000,35000
2026-04-15T00:51:45Z,65c070e,main,factor_small,552,440,72000
2026-04-15T00:51:45Z,65c070e,main,factor_large,4000,4000,113000
2026-04-15T00:51:45Z,65c070e,main,totient,451,440,671
2026-04-15T00:51:45Z,65c070e,main,fibonacci,587,561,4000
2026-04-15T00:51:45Z,65c070e,main,binomial,521,500,4000
2026-04-15T00:51:45Z,65c070e,main,poly_blep_mid,500,390,5000
2026-04-15T00:51:45Z,65c070e,main,poly_blep_edge,413,400,5000
2026-04-15T00:51:45Z,65c070e,main,angular_frequency,406,390,3000
2026-04-15T00:51:45Z,65c070e,main,sanitize_finite,402,390,3000
2026-04-15T00:51:45Z,65c070e,main,sanitize_nan,435,381,30000
2026-04-15T00:51:45Z,65c070e,main,hypot,417,380,18000
2026-04-15T00:51:45Z,65c070e,main,lerp,428,390,4000
2026-04-15T00:51:45Z,65c070e,main,clamp,432,390,4000
2026-04-15T00:51:45Z,65c070e,main,round,425,390,5000
2026-04-15T00:51:45Z,65c070e,main,sqrt,404,390,4000
2026-04-15T00:51:45Z,65c070e,main,abs,400,390,561
2026-04-15T00:51:45Z,65c070e,main,amplitude_to_db,437,420,3000
2026-04-15T00:51:45Z,65c070e,main,db_to_amplitude,431,420,9000
2026-04-15T00:51:45Z,65c070e,main,db_gain_factor,428,410,4000
2026-04-15T00:51:45Z,65c070e,main,midi_to_freq,427,410,3000
2026-04-15T00:51:45Z,65c070e,main,freq_to_midi,488,420,6000
2026-04-15T00:51:45Z,65c070e,main,time_constant,440,420,5000
2026-04-15T00:51:45Z,65c070e,main,pan_center,493,470,9000
2026-04-15T00:51:45Z,65c070e,main,crossfade_mid,496,470,5000
2026-04-15T00:51:45Z,65c070e,main,category_name,402,390,9000
2026-04-15T00:51:45Z,65c070e,main,category_from_str,1000,1000,5000
2026-04-15T00:51:45Z,65c070e,main,value_integer,451,380,11000
2026-04-15T00:51:45Z,65c070e,main,value_as_f64,450,400,5000
2026-04-15T00:51:45Z,65c070e,main,sanitize_4096,18000,15000,56000
2026-04-15T00:51:45Z,65c070e,main,poly_blep_4096,38000,36000,74000
2026-04-15T00:51:45Z,65c070e,main,hypot_4096,17000,14000,55000
2026-04-15T00:51:45Z,65c070e,main,sqrt_4096,10000,10000,16000
2026-04-15T00:51:45Z,65c070e,main,round_4096,11000,11000,19000
2026-04-15T00:51:45Z,65c070e,main,simd_add_4096,1000,1000,17000
2026-04-15T00:51:45Z,65c070e,main,simd_mul_4096,1000,1000,4000
2026-04-15T00:51:45Z,65c070e,main,simd_sub_4096,1000,1000,2000
2026-04-15T00:51:45Z,65c070e,main,simd_mac_4096,26000,22000,51000
2026-04-15T00:51:45Z,65c070e,main,simd_div_4096,2000,2000,6000
2026-04-15T00:51:45Z,65c070e,main,simd_sqrt_4096,4000,4000,8000
2026-04-15T00:51:45Z,65c070e,main,simd_abs_4096,1000,1000,3000
2026-04-15T00:51:45Z,65c070e,main,addition,2000,2000,32000
2026-04-15T00:51:45Z,65c070e,main,mixed_ops,2000,2000,12000
2026-04-15T00:51:45Z,65c070e,main,parentheses,3000,2000,11000
2026-04-15T00:51:45Z,65c070e,main,division,2000,2000,38000
2026-04-15T00:51:45Z,65c070e,main,sqrt,3000,2000,21000
2026-04-15T00:51:45Z,65c070e,main,sin,3000,2000,35000
2026-04-15T00:51:45Z,65c070e,main,log2,3000,2000,217000
2026-04-15T00:51:45Z,65c070e,main,pow,3000,3000,215000
2026-04-15T00:51:45Z,65c070e,main,min,3000,2000,230000
2026-04-15T00:51:45Z,65c070e,main,mixed_ops_funcs,3000,3000,219000
2026-04-15T00:51:45Z,65c070e,main,nested_parens,4000,3000,261000
2026-04-15T00:51:45Z,65c070e,main,trig_chain,4000,3000,217000
2026-04-15T00:51:45Z,65c070e,main,long_addition,4000,3000,226000
2026-04-15T00:51:45Z,65c070e,main,sci_add,3000,2000,215000
2026-04-15T00:51:45Z,65c070e,main,sci_mul,3000,2000,223000
2026-04-15T00:51:45Z,65c070e,main,tok_simple,2000,2000,216000
2026-04-15T00:51:45Z,65c070e,main,tok_complex,4000,3000,234000
2026-04-15T00:51:45Z,65c070e,main,km_to_miles,644,621,5000
2026-04-15T00:51:45Z,65c070e,main,celsius_to_fahr,620,601,5000
2026-04-15T00:51:45Z,65c070e,main,bytes_to_gb,715,691,4000
2026-04-15T00:51:45Z,65c070e,main,bytes_to_gib,656,631,812
2026-04-15T00:51:45Z,65c070e,main,gb_to_gib_cross,764,741,4000
2026-04-15T00:51:45Z,65c070e,main,same_unit_id,633,621,6000
2026-04-15T00:51:45Z,65c070e,main,exact_symbol,525,490,5000
2026-04-15T00:51:45Z,65c070e,main,by_name,751,721,4000
2026-04-15T00:51:45Z,65c070e,main,case_insensitive,810,771,10000
2026-04-15T00:51:45Z,65c070e,main,plural,708,661,9000
2026-04-15T00:51:45Z,65c070e,main,miss,1000,1000,11000
2026-04-15T00:51:45Z,65c070e,main,alias_kph,593,571,6000
2026-04-15T00:51:45Z,65c070e,main,mpg_to_l100km,798,771,4000
2026-04-15T00:51:45Z,65c070e,main,density_g_to_kg,764,741,4000
2026-04-15T00:51:45Z,65c070e,main,viscosity_cp_pas,664,641,4000
2026-04-15T00:51:45Z,65c070e,main,lux_to_fc,824,801,4000
2026-04-15T00:51:45Z,65c070e,main,registry_creation,103000,99000,153000
2026-04-15T00:51:53Z,65c070e,main,is_prime_small,2000,2000,38000
2026-04-15T00:51:53Z,65c070e,main,is_prime_large,4000,4000,25000
2026-04-15T00:51:53Z,65c070e,main,next_prime,2000,2000,11000
2026-04-15T00:51:53Z,65c070e,main,factor_small,546,441,9000
2026-04-15T00:51:53Z,65c070e,main,factor_large,4000,4000,15000
2026-04-15T00:51:53Z,65c070e,main,totient,468,451,4000
2026-04-15T00:51:53Z,65c070e,main,fibonacci,601,591,1000
2026-04-15T00:51:53Z,65c070e,main,binomial,536,510,5000
2026-04-15T00:51:53Z,65c070e,main,poly_blep_mid,420,400,4000
2026-04-15T00:51:53Z,65c070e,main,poly_blep_edge,417,401,4000
2026-04-15T00:51:53Z,65c070e,main,angular_frequency,412,390,3000
2026-04-15T00:51:53Z,65c070e,main,sanitize_finite,409,390,7000
2026-04-15T00:51:53Z,65c070e,main,sanitize_nan,410,400,481
2026-04-15T00:51:53Z,65c070e,main,hypot,408,391,4000
2026-04-15T00:51:53Z,65c070e,main,lerp,408,391,3000
2026-04-15T00:51:53Z,65c070e,main,clamp,420,390,4000
2026-04-15T00:51:53Z,65c070e,main,round,405,390,471
2026-04-15T00:51:53Z,65c070e,main,sqrt,411,390,3000
2026-04-15T00:51:53Z,65c070e,main,abs,408,390,641
2026-04-15T00:51:53Z,65c070e,main,amplitude_to_db,459,430,7000
2026-04-15T00:51:53Z,65c070e,main,db_to_amplitude,437,420,4000
2026-04-15T00:51:53Z,65c070e,main,db_gain_factor,438,420,5000
2026-04-15T00:51:53Z,65c070e,main,midi_to_freq,436,420,3000
2026-04-15T00:51:53Z,65c070e,main,freq_to_midi,443,420,4000
2026-04-15T00:51:53Z,65c070e,main,time_constant,464,440,6000
2026-04-15T00:51:53Z,65c070e,main,pan_center,513,480,12000
2026-04-15T00:51:53Z,65c070e,main,crossfade_mid,501,470,8000
2026-04-15T00:51:53Z,65c070e,main,category_name,412,390,4000
2026-04-15T00:51:53Z,65c070e,main,category_from_str,1000,1000,5000
2026-04-15T00:51:53Z,65c070e,main,value_integer,422,390,13000
2026-04-15T00:51:53Z,65c070e,main,value_as_f64,447,410,5000
2026-04-15T00:51:53Z,65c070e,main,sanitize_4096,16000,15000,23000
2026-04-15T00:51:53Z,65c070e,main,poly_blep_4096,36000,36000,40000
2026-04-15T00:51:53Z,65c070e,main,hypot_4096,14000,14000,53000
2026-04-15T00:51:53Z,65c070e,main,sqrt_4096,10000,10000,19000
2026-04-15T00:51:53Z,65c070e,main,round_4096,12000,11000,302000
2026-04-15T00:51:53Z,65c070e,main,simd_add_4096,1000,1000,19000
2026-04-15T00:51:53Z,65c070e,main,simd_mul_4096,1000,1000,3000
2026-04-15T00:51:53Z,65c070e,main,simd_sub_4096,1000,1000,5000
2026-04-15T00:51:53Z,65c070e,main,simd_mac_4096,26000,23000,44000
2026-04-15T00:51:53Z,65c070e,main,simd_div_4096,2000,2000,6000
2026-04-15T00:51:53Z,65c070e,main,simd_sqrt_4096,4000,4000,11000
2026-04-15T00:51:53Z,65c070e,main,simd_abs_4096,1000,1000,3000
2026-04-15T00:51:53Z,65c070e,main,addition,2000,2000,111000
2026-04-15T00:51:53Z,65c070e,main,mixed_ops,2000,2000,11000
2026-04-15T00:51:53Z,65c070e,main,parentheses,3000,2000,11000
2026-04-15T00:51:53Z,65c070e,main,division,2000,2000,20000
2026-04-15T00:51:53Z,65c070e,main,sqrt,3000,2000,10000
2026-04-15T00:51:53Z,65c070e,main,sin,3000,2000,10000
2026-04-15T00:51:53Z,65c070e,main,log2,3000,2000,29000
2026-04-15T00:51:53Z,65c070e,main,pow,3000,3000,13000
2026-04-15T00:51:53Z,65c070e,main,min,3000,2000,109000
2026-04-15T00:51:53Z,65c070e,main,mixed_ops_funcs,3000,3000,223000
2026-04-15T00:51:53Z,65c070e,main,nested_parens,4000,3000,222000
2026-04-15T00:51:53Z,65c070e,main,trig_chain,4000,4000,248000
2026-04-15T00:51:53Z,65c070e,main,long_addition,4000,3000,235000
2026-04-15T00:51:53Z,65c070e,main,sci_add,2000,2000,221000
2026-04-15T00:51:53Z,65c070e,main,sci_mul,2000,2000,234000
2026-04-15T00:51:53Z,65c070e,main,tok_simple,2000,2000,216000
2026-04-15T00:51:53Z,65c070e,main,tok_complex,3000,3000,223000
2026-04-15T00:51:53Z,65c070e,main,km_to_miles,681,621,30000
2026-04-15T00:51:53Z,65c070e,main,celsius_to_fahr,654,591,4000
2026-04-15T00:51:53Z,65c070e,main,bytes_to_gb,730,701,7000
2026-04-15T00:51:53Z,65c070e,main,bytes_to_gib,672,621,25000
2026-04-15T00:51:53Z,65c070e,main,gb_to_gib_cross,786,731,320000
2026-04-15T00:51:53Z,65c070e,main,same_unit_id,645,621,5000
2026-04-15T00:51:53Z,65c070e,main,exact_symbol,523,491,4000
2026-04-15T00:51:53Z,65c070e,main,by_name,745,731,5000
2026-04-15T00:51:53Z,65c070e,main,case_insensitive,838,781,20000
2026-04-15T00:51:53Z,65c070e,main,plural,725,661,27000
2026-04-15T00:51:53Z,65c070e,main,miss,1000,1000,6000
2026-04-15T00:51:53Z,65c070e,main,alias_kph,588,571,4000
2026-04-15T00:51:53Z,65c070e,main,mpg_to_l100km,798,771,4000
2026-04-15T00:51:53Z,65c070e,main,density_g_to_kg,762,741,5000
2026-04-15T00:51:53Z,65c070e,main,viscosity_cp_pas,665,642,3000
2026-04-15T00:51:53Z,65c070e,main,lux_to_fc,832,811,4000
2026-04-15T00:51:53Z,65c070e,main,registry_creation,104000,99000,158000
2026-04-15T00:52:07Z,65c070e,main,is_prime_small,2000,2000,11000
2026-04-15T00:52:07Z,65c070e,main,is_prime_large,4000,4000,13000
2026-04-15T00:52:07Z,65c070e,main,next_prime,2000,2000,14000
2026-04-15T00:52:07Z,65c070e,main,factor_small,542,440,9000
2026-04-15T00:52:07Z,65c070e,main,factor_large,4000,4000,32000
2026-04-15T00:52:07Z,65c070e,main,totient,462,440,8000
2026-04-15T00:52:07Z,65c070e,main,fibonacci,603,571,5000
2026-04-15T00:52:07Z,65c070e,main,binomial,530,510,5000
2026-04-15T00:52:07Z,65c070e,main,poly_blep_mid,410,390,4000
2026-04-15T00:52:07Z,65c070e,main,poly_blep_edge,409,390,701
2026-04-15T00:52:07Z,65c070e,main,angular_frequency,413,381,3000
2026-04-15T00:52:07Z,65c070e,main,sanitize_finite,425,380,8000
2026-04-15T00:52:07Z,65c070e,main,sanitize_nan,496,380,6000
2026-04-15T00:52:07Z,65c070e,main,hypot,404,380,4000
2026-04-15T00:52:07Z,65c070e,main,lerp,438,390,4000
2026-04-15T00:52:07Z,65c070e,main,clamp,400,381,4000
2026-04-15T00:52:07Z,65c070e,main,round,430,381,4000
2026-04-15T00:52:07Z,65c070e,main,sqrt,401,390,461
2026-04-15T00:52:07Z,65c070e,main,abs,431,381,32000
2026-04-15T00:52:07Z,65c070e,main,amplitude_to_db,436,420,5000
2026-04-15T00:52:07Z,65c070e,main,db_to_amplitude,431,411,4000
2026-04-15T00:52:07Z,65c070e,main,db_gain_factor,424,410,3000
2026-04-15T00:52:07Z,65c070e,main,midi_to_freq,486,410,6000
2026-04-15T00:52:07Z,65c070e,main,freq_to_midi,439,410,7000
2026-04-15T00:52:07Z,65c070e,main,time_constant,460,430,4000
2026-04-15T00:52:07Z,65c070e,main,pan_center,498,470,12000
2026-04-15T00:52:07Z,65c070e,main,crossfade_mid,496,470,6000
2026-04-15T00:52:07Z,65c070e,main,category_name,407,390,5000
2026-04-15T00:52:07Z,65c070e,main,category_from_str,1000,1000,7000
2026-04-15T00:52:07Z,65c070e,main,value_integer,418,380,14000
2026-04-15T00:52:07Z,65c070e,main,value_as_f64,439,400,6000
2026-04-15T00:52:07Z,65c070e,main,sanitize_4096,16000,15000,19000
2026-04-15T00:52:07Z,65c070e,main,poly_blep_4096,36000,36000,42000
2026-04-15T00:52:07Z,65c070e,main,hypot_4096,14000,14000,18000
2026-04-15T00:52:07Z,65c070e,main,sqrt_4096,10000,10000,14000
2026-04-15T00:52:07Z,65c070e,main,round_4096,11000,11000,18000
2026-04-15T00:52:07Z,65c070e,main,simd_add_4096,4000,1000,23000
2026-04-15T00:52:07Z,65c070e,main,simd_mul_4096,4000,1000,9000
2026-04-15T00:52:07Z,65c070e,main,simd_sub_4096,4000,1000,11000
2026-04-15T00:52:07Z,65c070e,main,simd_mac_4096,25000,23000,48000
2026-04-15T00:52:07Z,65c070e,main,simd_div_4096,2000,2000,11000
2026-04-15T00:52:07Z,65c070e,main,simd_sqrt_4096,4000,4000,10000
2026-04-15T00:52:07Z,65c070e,main,simd_abs_4096,1000,1000,8000
2026-04-15T00:52:07Z,65c070e,main,addition,2000,2000,11000
2026-04-15T00:52:07Z,65c070e,main,mixed_ops,2000,2000,38000
2026-04-15T00:52:07Z,65c070e,main,parentheses,3000,2000,100000
2026-04-15T00:52:07Z,65c070e,main,division,2000,2000,238000
2026-04-15T00:52:07Z,65c070e,main,sqrt,3000,2000,241000
2026-04-15T00:52:07Z,65c070e,main,sin,3000,2000,228000
2026-04-15T00:52:07Z,65c070e,main,log2,3000,2000,20000
2026-04-15T00:52:07Z,65c070e,main,pow,3000,3000,214000
2026-04-15T00:52:07Z,65c070e,main,min,3000,2000,15000
2026-04-15T00:52:07Z,65c070e,main,mixed_ops_funcs,3000,3000,20000
2026-04-15T00:52:07Z,65c070e,main,nested_parens,4000,3000,220000
2026-04-15T00:52:07Z,65c070e,main,trig_chain,4000,3000,220000
2026-04-15T00:52:07Z,65c070e,main,long_addition,4000,3000,226000
2026-04-15T00:52:07Z,65c070e,main,sci_add,3000,2000,229000
2026-04-15T00:52:07Z,65c070e,main,sci_mul,3000,2000,218000
2026-04-15T00:52:07Z,65c070e,main,tok_simple,2000,2000,233000
2026-04-15T00:52:07Z,65c070e,main,tok_complex,4000,3000,265000
2026-04-15T00:52:07Z,65c070e,main,km_to_miles,665,641,17000
2026-04-15T00:52:07Z,65c070e,main,celsius_to_fahr,698,601,7000
2026-04-15T00:52:07Z,65c070e,main,bytes_to_gb,863,701,23000
2026-04-15T00:52:07Z,65c070e,main,bytes_to_gib,733,631,7000
2026-04-15T00:52:07Z,65c070e,main,gb_to_gib_cross,854,741,7000
2026-04-15T00:52:07Z,65c070e,main,same_unit_id,646,621,6000
2026-04-15T00:52:07Z,65c070e,main,exact_symbol,519,500,6000
2026-04-15T00:52:07Z,65c070e,main,by_name,873,731,5000
2026-04-15T00:52:07Z,65c070e,main,case_insensitive,860,791,39000
2026-04-15T00:52:07Z,65c070e,main,plural,706,671,7000
2026-04-15T00:52:07Z,65c070e,main,miss,1000,1000,7000
2026-04-15T00:52:07Z,65c070e,main,alias_kph,666,591,15000
2026-04-15T00:52:07Z,65c070e,main,mpg_to_l100km,806,772,5000
2026-04-15T00:52:07Z,65c070e,main,density_g_to_kg,768,751,4000
2026-04-15T00:52:07Z,65c070e,main,viscosity_cp_pas,676,651,4000
2026-04-15T00:52:07Z,65c070e,main,lux_to_fc,843,811,4000
2026-04-15T00:52:07Z,65c070e,main,registry_creation,112000,102000,253000
2026-05-26T22:08:57Z,99dba7f,main,is_prime_small,1000,1000,32000
2026-05-26T22:08:57Z,99dba7f,main,is_prime_large,4000,3000,20000
2026-05-26T22:08:57Z,99dba7f,main,next_prime,2000,2000,50000
2026-05-26T22:08:57Z,99dba7f,main,factor_small,551,461,107000
2026-05-26T22:08:57Z,99dba7f,main,factor_large,3000,3000,20000
2026-05-26T22:08:57Z,99dba7f,main,totient,420,410,3000
2026-05-26T22:08:57Z,99dba7f,main,fibonacci,462,450,4000
2026-05-26T22:08:57Z,99dba7f,main,binomial,488,450,12000
2026-05-26T22:08:57Z,99dba7f,main,poly_blep_mid,368,360,3000
2026-05-26T22:08:57Z,99dba7f,main,poly_blep_edge,392,350,6000
2026-05-26T22:08:57Z,99dba7f,main,angular_frequency,372,350,4000
2026-05-26T22:08:57Z,99dba7f,main,sanitize_finite,386,350,4000
2026-05-26T22:08:57Z,99dba7f,main,sanitize_nan,383,370,3000
2026-05-26T22:08:57Z,99dba7f,main,hypot,366,350,3000
2026-05-26T22:08:57Z,99dba7f,main,lerp,391,360,6000
2026-05-26T22:08:57Z,99dba7f,main,clamp,366,350,3000
2026-05-26T22:08:57Z,99dba7f,main,round,365,340,4000
2026-05-26T22:08:57Z,99dba7f,main,sqrt,358,350,3000
2026-05-26T22:08:57Z,99dba7f,main,abs,375,350,4000
2026-05-26T22:08:57Z,99dba7f,main,amplitude_to_db,408,390,4000
2026-05-26T22:08:57Z,99dba7f,main,db_to_amplitude,397,380,4000
2026-05-26T22:08:57Z,99dba7f,main,db_gain_factor,400,380,3000
2026-05-26T22:08:57Z,99dba7f,main,midi_to_freq,399,370,6000
2026-05-26T22:08:57Z,99dba7f,main,freq_to_midi,385,370,4000
2026-05-26T22:08:57Z,99dba7f,main,time_constant,405,380,3000
2026-05-26T22:08:57Z,99dba7f,main,pan_center,462,440,9000
2026-05-26T22:08:57Z,99dba7f,main,crossfade_mid,454,430,4000
2026-05-26T22:08:57Z,99dba7f,main,category_name,368,350,3000
2026-05-26T22:08:57Z,99dba7f,main,category_from_str,1000,1000,24000
2026-05-26T22:08:57Z,99dba7f,main,value_integer,380,360,5000
2026-05-26T22:08:57Z,99dba7f,main,value_as_f64,395,370,4000
2026-05-26T22:08:57Z,99dba7f,main,sanitize_4096,14000,14000,18000
2026-05-26T22:08:57Z,99dba7f,main,poly_blep_4096,30000,29000,52000
2026-05-26T22:08:57Z,99dba7f,main,hypot_4096,14000,14000,26000
2026-05-26T22:08:57Z,99dba7f,main,sqrt_4096,8000,8000,15000
2026-05-26T22:08:57Z,99dba7f,main,round_4096,8000,8000,30000
2026-05-26T22:08:57Z,99dba7f,main,simd_add_4096,1000,1000,24000
2026-05-26T22:08:57Z,99dba7f,main,simd_mul_4096,1000,1000,4000
2026-05-26T22:08:57Z,99dba7f,main,simd_sub_4096,1000,1000,5000
2026-05-26T22:08:57Z,99dba7f,main,simd_mac_4096,21000,18000,243000
2026-05-26T22:08:57Z,99dba7f,main,simd_div_4096,2000,2000,21000
2026-05-26T22:08:57Z,99dba7f,main,simd_sqrt_4096,4000,4000,7000
2026-05-26T22:08:57Z,99dba7f,main,simd_abs_4096,1000,1000,8000
2026-05-26T22:08:57Z,99dba7f,main,addition,2000,2000,124000
2026-05-26T22:08:57Z,99dba7f,main,mixed_ops,2000,2000,151000
2026-05-26T22:08:57Z,99dba7f,main,parentheses,2000,2000,79000
2026-05-26T22:08:57Z,99dba7f,main,division,2000,1000,57000
2026-05-26T22:08:57Z,99dba7f,main,sqrt,2000,2000,76000
2026-05-26T22:08:57Z,99dba7f,main,sin,2000,2000,74000
2026-05-26T22:08:57Z,99dba7f,main,log2,3000,2000,53000
2026-05-26T22:08:57Z,99dba7f,main,pow,3000,2000,67000
2026-05-26T22:08:57Z,99dba7f,main,min,3000,2000,63000
2026-05-26T22:08:57Z,99dba7f,main,mixed_ops_funcs,3000,2000,54000
2026-05-26T22:08:57Z,99dba7f,main,nested_parens,3000,3000,55000
2026-05-26T22:08:57Z,99dba7f,main,trig_chain,4000,3000,83000
2026-05-26T22:08:57Z,99dba7f,main,long_addition,3000,3000,72000
2026-05-26T22:08:57Z,99dba7f,main,sci_add,2000,2000,52000
2026-05-26T22:08:57Z,99dba7f,main,sci_mul,2000,2000,53000
2026-05-26T22:08:57Z,99dba7f,main,tok_simple,2000,1000,62000
2026-05-26T22:08:57Z,99dba7f,main,tok_complex,3000,2000,53000
2026-05-26T22:08:57Z,99dba7f,main,km_to_miles,675,621,9000
2026-05-26T22:08:57Z,99dba7f,main,celsius_to_fahr,626,581,9000
2026-05-26T22:08:57Z,99dba7f,main,bytes_to_gb,771,721,4000
2026-05-26T22:08:57Z,99dba7f,main,bytes_to_gib,653,611,5000
2026-05-26T22:08:57Z,99dba7f,main,gb_to_gib_cross,799,751,5000
2026-05-26T22:08:57Z,99dba7f,main,same_unit_id,627,581,7000
2026-05-26T22:08:57Z,99dba7f,main,exact_symbol,472,450,5000
2026-05-26T22:08:57Z,99dba7f,main,by_name,671,611,49000
2026-05-26T22:08:57Z,99dba7f,main,case_insensitive,696,661,6000
2026-05-26T22:08:57Z,99dba7f,main,plural,658,641,3000
2026-05-26T22:08:57Z,99dba7f,main,miss,1000,1000,5000
2026-05-26T22:08:57Z,99dba7f,main,alias_kph,559,551,3000
2026-05-26T22:08:57Z,99dba7f,main,mpg_to_l100km,782,761,24000
2026-05-26T22:08:57Z,99dba7f,main,density_g_to_kg,783,721,13000
2026-05-26T22:08:57Z,99dba7f,main,viscosity_cp_pas,633,611,4000
2026-05-26T22:08:57Z,99dba7f,main,lux_to_fc,854,841,4000
2026-05-26T22:08:57Z,99dba7f,main,registry_creation,146000,141000,262000
2026-06-16T01:19:35Z,3a18e5f,main,is_prime_small,3000,1000,26000
2026-06-16T01:19:35Z,3a18e5f,main,is_prime_large,5000,4000,15000
2026-06-16T01:19:35Z,3a18e5f,main,next_prime,3000,2000,30000
2026-06-16T01:19:35Z,3a18e5f,main,factor_small,1000,488,17000
2026-06-16T01:19:35Z,3a18e5f,main,factor_large,5000,3000,19000
2026-06-16T01:19:35Z,3a18e5f,main,totient,1000,489,11000
2026-06-16T01:19:35Z,3a18e5f,main,fibonacci,1000,488,15000
2026-06-16T01:19:35Z,3a18e5f,main,binomial,1000,419,13000
2026-06-16T01:19:35Z,3a18e5f,main,poly_blep_mid,1000,489,14000
2026-06-16T01:19:35Z,3a18e5f,main,poly_blep_edge,1000,488,10000
2026-06-16T01:19:35Z,3a18e5f,main,angular_frequency,1000,488,12000
2026-06-16T01:19:35Z,3a18e5f,main,sanitize_finite,1000,489,10000
2026-06-16T01:19:35Z,3a18e5f,main,sanitize_nan,1000,489,14000
2026-06-16T01:19:35Z,3a18e5f,main,hypot,1000,488,11000
2026-06-16T01:19:35Z,3a18e5f,main,lerp,1000,489,9000
2026-06-16T01:19:35Z,3a18e5f,main,clamp,1000,489,15000
2026-06-16T01:19:35Z,3a18e5f,main,round,1000,419,10000
2026-06-16T01:19:35Z,3a18e5f,main,sqrt,1000,419,17000
2026-06-16T01:19:35Z,3a18e5f,main,abs,1000,488,9000
2026-06-16T01:19:35Z,3a18e5f,main,amplitude_to_db,1000,907,10000
2026-06-16T01:19:35Z,3a18e5f,main,db_to_amplitude,1000,488,11000
2026-06-16T01:19:35Z,3a18e5f,main,db_gain_factor,1000,489,9000
2026-06-16T01:19:35Z,3a18e5f,main,midi_to_freq,1000,488,9000
2026-06-16T01:19:35Z,3a18e5f,main,freq_to_midi,1000,489,11000
2026-06-16T01:19:35Z,3a18e5f,main,time_constant,1000,419,9000
2026-06-16T01:19:35Z,3a18e5f,main,pan_center,1000,489,15000
2026-06-16T01:19:35Z,3a18e5f,main,crossfade_mid,1000,489,10000
2026-06-16T01:19:35Z,3a18e5f,main,category_name,1000,419,25000
2026-06-16T01:19:35Z,3a18e5f,main,category_from_str,2000,1000,16000
2026-06-16T01:19:35Z,3a18e5f,main,value_integer,1000,488,11000
2026-06-16T01:19:35Z,3a18e5f,main,value_as_f64,1000,419,9000
2026-06-16T01:19:35Z,3a18e5f,main,sanitize_4096,16000,14000,32000
2026-06-16T01:19:35Z,3a18e5f,main,poly_blep_4096,33000,31000,55000
2026-06-16T01:19:35Z,3a18e5f,main,hypot_4096,21000,19000,38000
2026-06-16T01:19:35Z,3a18e5f,main,sqrt_4096,10000,8000,22000
2026-06-16T01:19:35Z,3a18e5f,main,round_4096,10000,9000,22000
2026-06-16T01:19:35Z,3a18e5f,main,simd_add_4096,3000,2000,17000
2026-06-16T01:19:35Z,3a18e5f,main,simd_mul_4096,2000,2000,9000
2026-06-16T01:19:35Z,3a18e5f,main,simd_sub_4096,2000,1000,9000
2026-06-16T01:19:35Z,3a18e5f,main,simd_mac_4096,21000,19000,36000
2026-06-16T01:19:35Z,3a18e5f,main,simd_div_4096,3000,2000,11000
2026-06-16T01:19:35Z,3a18e5f,main,simd_sqrt_4096,5000,4000,22000
2026-06-16T01:19:35Z,3a18e5f,main,simd_abs_4096,2000,1000,9000
2026-06-16T01:19:35Z,3a18e5f,main,addition,3000,2000,22000
2026-06-16T01:19:35Z,3a18e5f,main,mixed_ops,3000,2000,144000
2026-06-16T01:19:35Z,3a18e5f,main,parentheses,4000,2000,69000
2026-06-16T01:19:35Z,3a18e5f,main,division,3000,2000,82000
2026-06-16T01:19:35Z,3a18e5f,main,sqrt,4000,2000,75000
2026-06-16T01:19:35Z,3a18e5f,main,sin,4000,2000,77000
2026-06-16T01:19:35Z,3a18e5f,main,log2,4000,3000,70000
2026-06-16T01:19:35Z,3a18e5f,main,pow,4000,2000,76000
2026-06-16T01:19:35Z,3a18e5f,main,min,4000,2000,42000
2026-06-16T01:19:35Z,3a18e5f,main,mixed_ops_funcs,4000,3000,24000
2026-06-16T01:19:35Z,3a18e5f,main,nested_parens,5000,3000,23000
2026-06-16T01:19:35Z,3a18e5f,main,trig_chain,6000,4000,27000
2026-06-16T01:19:35Z,3a18e5f,main,long_addition,5000,4000,63000
2026-06-16T01:19:35Z,3a18e5f,main,sci_add,3000,2000,78000
2026-06-16T01:19:35Z,3a18e5f,main,sci_mul,3000,2000,89000
2026-06-16T01:19:35Z,3a18e5f,main,tok_simple,3000,1000,76000
2026-06-16T01:19:35Z,3a18e5f,main,tok_complex,4000,3000,73000
2026-06-16T01:19:35Z,3a18e5f,main,km_to_miles,1000,419,19000
2026-06-16T01:19:35Z,3a18e5f,main,celsius_to_fahr,1000,488,11000
2026-06-16T01:19:35Z,3a18e5f,main,bytes_to_gb,1000,489,22000
2026-06-16T01:19:35Z,3a18e5f,main,bytes_to_gib,1000,907,11000
2026-06-16T01:19:35Z,3a18e5f,main,gb_to_gib_cross,1000,420,9000
2026-06-16T01:19:35Z,3a18e5f,main,same_unit_id,1000,488,9000
2026-06-16T01:19:35Z,3a18e5f,main,exact_symbol,1000,419,37000
2026-06-16T01:19:35Z,3a18e5f,main,by_name,1000,419,31000
2026-06-16T01:19:35Z,3a18e5f,main,case_insensitive,1000,489,13000
2026-06-16T01:19:35Z,3a18e5f,main,plural,1000,488,15000
2026-06-16T01:19:35Z,3a18e5f,main,miss,1000,908,13000
2026-06-16T01:19:35Z,3a18e5f,main,alias_kph,1000,489,12000
2026-06-16T01:19:35Z,3a18e5f,main,mpg_to_l100km,1000,489,9000
2026-06-16T01:19:35Z,3a18e5f,main,density_g_to_kg,1000,489,15000
2026-06-16T01:19:35Z,3a18e5f,main,viscosity_cp_pas,1000,489,9000
2026-06-16T01:19:35Z,3a18e5f,main,lux_to_fc,1000,908,127000
2026-06-16T01:19:35Z,3a18e5f,main,registry_creation,177000,165000,229000
2026-06-16T01:30:55Z,8f6c012,main,is_prime_small,2000,1000,21000
2026-06-16T01:30:55Z,8f6c012,main,is_prime_large,5000,4000,30000
2026-06-16T01:30:55Z,8f6c012,main,next_prime,3000,2000,27000
2026-06-16T01:30:55Z,8f6c012,main,factor_small,1000,488,10000
2026-06-16T01:30:55Z,8f6c012,main,factor_large,4000,3000,29000
2026-06-16T01:30:55Z,8f6c012,main,totient,1000,419,12000
2026-06-16T01:30:55Z,8f6c012,main,fibonacci,1000,419,15000
2026-06-16T01:30:55Z,8f6c012,main,binomial,1000,419,10000
2026-06-16T01:30:55Z,8f6c012,main,poly_blep_mid,1000,488,12000
2026-06-16T01:30:55Z,8f6c012,main,poly_blep_edge,1000,489,18000
2026-06-16T01:30:55Z,8f6c012,main,angular_frequency,1000,419,10000
2026-06-16T01:30:55Z,8f6c012,main,sanitize_finite,1000,488,19000
2026-06-16T01:30:55Z,8f6c012,main,sanitize_nan,1000,489,26000
2026-06-16T01:30:55Z,8f6c012,main,hypot,1000,419,9000
2026-06-16T01:30:55Z,8f6c012,main,lerp,1000,489,10000
2026-06-16T01:30:55Z,8f6c012,main,clamp,1000,488,11000
2026-06-16T01:30:55Z,8f6c012,main,round,1000,419,24000
2026-06-16T01:30:55Z,8f6c012,main,sqrt,1000,488,9000
2026-06-16T01:30:55Z,8f6c012,main,abs,1000,838,9000
2026-06-16T01:30:55Z,8f6c012,main,amplitude_to_db,1000,489,17000
2026-06-16T01:30:55Z,8f6c012,main,db_to_amplitude,1000,419,10000
2026-06-16T01:30:55Z,8f6c012,main,db_gain_factor,1000,489,13000
2026-06-16T01:30:55Z,8f6c012,main,midi_to_freq,1000,488,16000
2026-06-16T01:30:55Z,8f6c012,main,freq_to_midi,1000,488,557000
2026-06-16T01:30:55Z,8f6c012,main,time_constant,1000,489,13000
2026-06-16T01:30:55Z,8f6c012,main,pan_center,1000,488,16000
2026-06-16T01:30:55Z,8f6c012,main,crossfade_mid,1000,489,25000
2026-06-16T01:30:55Z,8f6c012,main,category_name,1000,489,10000
2026-06-16T01:30:55Z,8f6c012,main,category_from_str,2000,1000,25000
2026-06-16T01:30:55Z,8f6c012,main,value_integer,1000,419,9000
2026-06-16T01:30:55Z,8f6c012,main,value_as_f64,1000,488,55000
2026-06-16T01:30:55Z,8f6c012,main,sanitize_4096,16000,14000,30000
2026-06-16T01:30:55Z,8f6c012,main,poly_blep_4096,32000,30000,61000
2026-06-16T01:30:55Z,8f6c012,main,hypot_4096,17000,16000,40000
2026-06-16T01:30:55Z,8f6c012,main,sqrt_4096,10000,8000,27000
2026-06-16T01:30:55Z,8f6c012,main,round_4096,10000,9000,24000
2026-06-16T01:30:55Z,8f6c012,main,simd_add_4096,3000,1000,15000
2026-06-16T01:30:55Z,8f6c012,main,simd_mul_4096,3000,2000,11000
2026-06-16T01:30:55Z,8f6c012,main,simd_sub_4096,2000,2000,10000
2026-06-16T01:30:55Z,8f6c012,main,simd_mac_4096,23000,19000,48000
2026-06-16T01:30:55Z,8f6c012,main,simd_div_4096,3000,2000,11000
2026-06-16T01:30:55Z,8f6c012,main,simd_sqrt_4096,6000,4000,17000
2026-06-16T01:30:55Z,8f6c012,main,simd_abs_4096,2000,1000,12000
2026-06-16T01:30:55Z,8f6c012,main,addition,3000,2000,93000
2026-06-16T01:30:55Z,8f6c012,main,mixed_ops,3000,2000,91000
2026-06-16T01:30:55Z,8f6c012,main,parentheses,4000,2000,30000
2026-06-16T01:30:55Z,8f6c012,main,division,3000,2000,110000
2026-06-16T01:30:55Z,8f6c012,main,sqrt,4000,2000,210000
2026-06-16T01:30:55Z,8f6c012,main,sin,4000,2000,112000
2026-06-16T01:30:55Z,8f6c012,main,log2,4000,2000,77000
2026-06-16T01:30:55Z,8f6c012,main,pow,4000,2000,88000
2026-06-16T01:30:55Z,8f6c012,main,min,4000,2000,84000
2026-06-16T01:30:55Z,8f6c012,main,mixed_ops_funcs,4000,3000,65000
2026-06-16T01:30:55Z,8f6c012,main,nested_parens,5000,3000,69000
2026-06-16T01:30:55Z,8f6c012,main,trig_chain,6000,4000,95000
2026-06-16T01:30:55Z,8f6c012,main,long_addition,5000,4000,62000
2026-06-16T01:30:55Z,8f6c012,main,sci_add,3000,2000,63000
2026-06-16T01:30:55Z,8f6c012,main,sci_mul,3000,2000,70000
2026-06-16T01:30:55Z,8f6c012,main,tok_simple,3000,1000,214000
2026-06-16T01:30:55Z,8f6c012,main,tok_complex,4000,3000,85000
2026-06-16T01:30:55Z,8f6c012,main,km_to_miles,1000,489,19000
2026-06-16T01:30:55Z,8f6c012,main,celsius_to_fahr,1000,489,23000
2026-06-16T01:30:55Z,8f6c012,main,bytes_to_gb,1000,488,11000
2026-06-16T01:30:55Z,8f6c012,main,bytes_to_gib,1000,488,16000
2026-06-16T01:30:55Z,8f6c012,main,gb_to_gib_cross,1000,419,26000
2026-06-16T01:30:55Z,8f6c012,main,same_unit_id,1000,489,9000
2026-06-16T01:30:55Z,8f6c012,main,exact_symbol,1000,419,11000
2026-06-16T01:30:55Z,8f6c012,main,by_name,1000,489,11000
2026-06-16T01:30:55Z,8f6c012,main,case_insensitive,1000,419,18000
2026-06-16T01:30:55Z,8f6c012,main,plural,1000,489,26000
2026-06-16T01:30:55Z,8f6c012,main,miss,2000,907,11000
2026-06-16T01:30:55Z,8f6c012,main,alias_kph,1000,489,10000
2026-06-16T01:30:55Z,8f6c012,main,mpg_to_l100km,1000,907,11000
2026-06-16T01:30:55Z,8f6c012,main,density_g_to_kg,1000,488,10000
2026-06-16T01:30:55Z,8f6c012,main,viscosity_cp_pas,1000,419,12000
2026-06-16T01:30:55Z,8f6c012,main,lux_to_fc,1000,908,33000
2026-06-16T01:30:55Z,8f6c012,main,registry_creation,180000,162000,374000
2026-06-30T21:12:47Z,95df6a3,main,is_prime_small,2897,1815,25352
2026-06-30T21:12:47Z,95df6a3,main,is_prime_large,5457,4190,16342
2026-06-30T21:12:47Z,95df6a3,main,next_prime,3596,1885,20603
2026-06-30T21:12:47Z,95df6a3,main,factor_small,1534,489,9987
2026-06-30T21:12:47Z,95df6a3,main,factor_large,4721,3283,13479
2026-06-30T21:12:47Z,95df6a3,main,totient,1335,489,9987
2026-06-30T21:12:47Z,95df6a3,main,fibonacci,1385,488,8451
2026-06-30T21:12:47Z,95df6a3,main,binomial,1394,489,8940
2026-06-30T21:12:47Z,95df6a3,main,poly_blep_mid,1293,488,15435
2026-06-30T21:12:47Z,95df6a3,main,poly_blep_edge,1314,488,9917
2026-06-30T21:12:47Z,95df6a3,main,angular_frequency,1289,488,9498
2026-06-30T21:12:47Z,95df6a3,main,sanitize_finite,1280,489,9568
2026-06-30T21:12:47Z,95df6a3,main,sanitize_nan,1282,489,10127
2026-06-30T21:12:47Z,95df6a3,main,hypot,1289,489,10057
2026-06-30T21:12:47Z,95df6a3,main,lerp,1287,489,11593
2026-06-30T21:12:47Z,95df6a3,main,clamp,1298,488,40648
2026-06-30T21:12:47Z,95df6a3,main,round,1291,488,9988
2026-06-30T21:12:47Z,95df6a3,main,sqrt,1293,489,9708
2026-06-30T21:12:47Z,95df6a3,main,abs,1286,419,12361
2026-06-30T21:12:47Z,95df6a3,main,amplitude_to_db,1325,838,9777
2026-06-30T21:12:47Z,95df6a3,main,db_to_amplitude,1316,488,9150
2026-06-30T21:12:47Z,95df6a3,main,db_gain_factor,1312,489,9918
2026-06-30T21:12:47Z,95df6a3,main,midi_to_freq,1305,489,8591
2026-06-30T21:12:47Z,95df6a3,main,freq_to_midi,1311,489,10756
2026-06-30T21:12:47Z,95df6a3,main,time_constant,1316,489,9988
2026-06-30T21:12:47Z,95df6a3,main,pan_center,1463,489,16342
2026-06-30T21:12:47Z,95df6a3,main,crossfade_mid,1465,489,10895
2026-06-30T21:12:47Z,95df6a3,main,category_name,1294,489,10965
2026-06-30T21:12:47Z,95df6a3,main,category_from_str,2570,1397,11873
2026-06-30T21:12:47Z,95df6a3,main,value_integer,1363,489,10546
2026-06-30T21:12:47Z,95df6a3,main,value_as_f64,1405,488,10965
2026-06-30T21:12:47Z,95df6a3,main,sanitize_4096,16708,15295,26190
2026-06-30T21:12:47Z,95df6a3,main,poly_blep_4096,33408,31847,58178
2026-06-30T21:12:47Z,95df6a3,main,hypot_4096,21052,19415,32895
2026-06-30T21:12:47Z,95df6a3,main,sqrt_4096,10329,8939,21022
2026-06-30T21:12:47Z,95df6a3,main,round_4096,10574,9219,27377
2026-06-30T21:12:47Z,95df6a3,main,simd_add_4096,2844,1816,13410
2026-06-30T21:12:47Z,95df6a3,main,simd_mul_4096,2780,1815,11523
2026-06-30T21:12:47Z,95df6a3,main,simd_sub_4096,2911,1816,11663
2026-06-30T21:12:47Z,95df6a3,main,simd_mac_4096,22818,19905,34850
2026-06-30T21:12:47Z,95df6a3,main,simd_div_4096,3653,2305,12083
2026-06-30T21:12:47Z,95df6a3,main,simd_sqrt_4096,5671,4679,13759
2026-06-30T21:12:47Z,95df6a3,main,simd_abs_4096,2522,1396,9010
2026-06-30T21:12:47Z,95df6a3,main,addition,4005,2304,90025
2026-06-30T21:12:47Z,95df6a3,main,mixed_ops,3867,2304,80038
2026-06-30T21:12:47Z,95df6a3,main,parentheses,4116,2793,67676
2026-06-30T21:12:47Z,95df6a3,main,division,3568,1955,82972
2026-06-30T21:12:47Z,95df6a3,main,sqrt,4157,2723,62019
2026-06-30T21:12:47Z,95df6a3,main,sin,4239,2724,96381
2026-06-30T21:12:47Z,95df6a3,main,log2,4358,2793,71867
2026-06-30T21:12:47Z,95df6a3,main,pow,4465,2794,58527
2026-06-30T21:12:47Z,95df6a3,main,min,4383,2723,72635
2026-06-30T21:12:47Z,95df6a3,main,mixed_ops_funcs,4862,3282,66279
2026-06-30T21:12:47Z,95df6a3,main,nested_parens,5494,3772,89886
2026-06-30T21:12:47Z,95df6a3,main,trig_chain,5951,4190,71658
2026-06-30T21:12:47Z,95df6a3,main,long_addition,5602,4190,62229
2026-06-30T21:12:47Z,95df6a3,main,sci_add,3838,2304,59644
2026-06-30T21:12:47Z,95df6a3,main,sci_mul,3694,2235,62718
2026-06-30T21:12:47Z,95df6a3,main,tok_simple,3353,1816,53009
2026-06-30T21:12:47Z,95df6a3,main,tok_complex,4758,3213,54895
2026-06-30T21:12:47Z,95df6a3,main,km_to_miles,1495,489,10127
2026-06-30T21:12:47Z,95df6a3,main,celsius_to_fahr,1478,488,9988
2026-06-30T21:12:47Z,95df6a3,main,bytes_to_gb,1548,488,10337
2026-06-30T21:12:47Z,95df6a3,main,bytes_to_gib,1501,488,12431
2026-06-30T21:12:47Z,95df6a3,main,gb_to_gib_cross,1592,488,15924
2026-06-30T21:12:47Z,95df6a3,main,same_unit_id,1494,488,10197
2026-06-30T21:12:47Z,95df6a3,main,exact_symbol,1390,489,10127
2026-06-30T21:12:47Z,95df6a3,main,by_name,1515,419,9988
2026-06-30T21:12:47Z,95df6a3,main,case_insensitive,1594,489,11524
2026-06-30T21:12:47Z,95df6a3,main,plural,1554,488,10476
2026-06-30T21:12:47Z,95df6a3,main,miss,1904,838,10616
2026-06-30T21:12:47Z,95df6a3,main,alias_kph,1455,488,9219
2026-06-30T21:12:47Z,95df6a3,main,mpg_to_l100km,1594,488,10476
2026-06-30T21:12:47Z,95df6a3,main,density_g_to_kg,1566,488,10895
2026-06-30T21:12:47Z,95df6a3,main,viscosity_cp_pas,1507,489,8660
2026-06-30T21:12:47Z,95df6a3,main,lux_to_fc,1637,489,10407
2026-06-30T21:12:47Z,95df6a3,main,registry_creation,196874,176279,278667
2026-07-18T02:58:51Z,f229966,main,is_prime_small,1947,1833,17743
2026-07-18T02:58:51Z,f229966,main,is_prime_large,4120,3987,27361
2026-07-18T02:58:51Z,f229966,main,next_prime,2238,2123,49042
2026-07-18T02:58:51Z,f229966,main,factor_small,552,460,83807
2026-07-18T02:58:51Z,f229966,main,factor_large,3501,3316,17894
2026-07-18T02:58:51Z,f229966,main,totient,411,390,6974
2026-07-18T02:58:51Z,f229966,main,fibonacci,447,430,10119
2026-07-18T02:58:51Z,f229966,main,binomial,458,440,3817
2026-07-18T02:58:51Z,f229966,main,poly_blep_mid,362,350,3597
2026-07-18T02:58:51Z,f229966,main,poly_blep_edge,365,350,4338
2026-07-18T02:58:51Z,f229966,main,angular_frequency,355,340,4248
2026-07-18T02:58:51Z,f229966,main,sanitize_finite,361,340,3747
2026-07-18T02:58:51Z,f229966,main,sanitize_nan,357,340,3586
2026-07-18T02:58:51Z,f229966,main,hypot,361,340,3667
2026-07-18T02:58:51Z,f229966,main,lerp,359,340,35156
2026-07-18T02:58:51Z,f229966,main,clamp,360,340,3697
2026-07-18T02:58:51Z,f229966,main,round,358,340,3576
2026-07-18T02:58:51Z,f229966,main,sqrt,357,340,3847
2026-07-18T02:58:51Z,f229966,main,abs,368,340,4318
2026-07-18T02:58:51Z,f229966,main,amplitude_to_db,394,380,21841
2026-07-18T02:58:51Z,f229966,main,db_to_amplitude,402,370,4889
2026-07-18T02:58:51Z,f229966,main,db_gain_factor,401,370,16221
2026-07-18T02:58:51Z,f229966,main,midi_to_freq,395,370,4648
2026-07-18T02:58:51Z,f229966,main,freq_to_midi,388,370,4258
2026-07-18T02:58:51Z,f229966,main,time_constant,401,380,3717
2026-07-18T02:58:51Z,f229966,main,pan_center,452,430,13536
2026-07-18T02:58:51Z,f229966,main,crossfade_mid,448,430,4468
2026-07-18T02:58:51Z,f229966,main,category_name,360,350,3566
2026-07-18T02:58:51Z,f229966,main,category_from_str,1152,1122,6272
2026-07-18T02:58:51Z,f229966,main,value_integer,379,350,5060
2026-07-18T02:58:51Z,f229966,main,value_as_f64,410,370,18314
2026-07-18T02:58:51Z,f229966,main,sanitize_4096,14108,13896,22312
2026-07-18T02:58:51Z,f229966,main,poly_blep_4096,28925,28614,40025
2026-07-18T02:58:51Z,f229966,main,hypot_4096,16395,16080,23474
2026-07-18T02:58:51Z,f229966,main,sqrt_4096,8526,8225,67798
2026-07-18T02:58:51Z,f229966,main,round_4096,7863,7764,27191
2026-07-18T02:58:51Z,f229966,main,simd_add_4096,1938,1863,12794
2026-07-18T02:58:51Z,f229966,main,simd_mul_4096,1937,1863,5410
2026-07-18T02:58:51Z,f229966,main,simd_sub_4096,1929,1863,5470
2026-07-18T02:58:51Z,f229966,main,simd_mac_4096,20514,18194,111048
2026-07-18T02:58:51Z,f229966,main,simd_div_4096,2471,2424,5310
2026-07-18T02:58:51Z,f229966,main,simd_sqrt_4096,4346,4288,7685
2026-07-18T02:58:51Z,f229966,main,simd_abs_4096,1449,1362,4418
2026-07-18T02:58:51Z,f229966,main,addition,2378,2013,103254
2026-07-18T02:58:51Z,f229966,main,mixed_ops,2459,2194,94928
2026-07-18T02:58:51Z,f229966,main,parentheses,2666,2404,81573
2026-07-18T02:58:51Z,f229966,main,division,2256,2024,70021
2026-07-18T02:58:51Z,f229966,main,sqrt,2737,2425,82074
2026-07-18T02:58:51Z,f229966,main,sin,2801,2484,69320
2026-07-18T02:58:51Z,f229966,main,log2,2980,2635,79650
2026-07-18T02:58:51Z,f229966,main,pow,3028,2675,99957
2026-07-18T02:58:51Z,f229966,main,min,2951,2605,88166
2026-07-18T02:58:51Z,f229966,main,mixed_ops_funcs,3402,2895,202370
2026-07-18T02:58:51Z,f229966,main,nested_parens,4011,3626,85300
2026-07-18T02:58:51Z,f229966,main,trig_chain,4289,3636,88045
2026-07-18T02:58:51Z,f229966,main,long_addition,3774,3396,63730
2026-07-18T02:58:51Z,f229966,main,sci_add,2388,2174,160972
2026-07-18T02:58:51Z,f229966,main,sci_mul,2356,2144,72466
2026-07-18T02:58:51Z,f229966,main,tok_simple,2077,1853,72185
2026-07-18T02:58:51Z,f229966,main,tok_complex,3006,2654,65342
2026-07-18T02:58:51Z,f229966,main,km_to_miles,668,621,9789
2026-07-18T02:58:51Z,f229966,main,celsius_to_fahr,648,611,31910
2026-07-18T02:58:51Z,f229966,main,bytes_to_gb,728,681,5480
2026-07-18T02:58:51Z,f229966,main,bytes_to_gib,620,591,4579
2026-07-18T02:58:51Z,f229966,main,gb_to_gib_cross,729,711,4078
2026-07-18T02:58:51Z,f229966,main,same_unit_id,586,561,4188
2026-07-18T02:58:51Z,f229966,main,exact_symbol,460,440,3948
2026-07-18T02:58:51Z,f229966,main,by_name,620,591,37140
2026-07-18T02:58:51Z,f229966,main,case_insensitive,686,641,8947
2026-07-18T02:58:51Z,f229966,main,plural,638,611,4859
2026-07-18T02:58:51Z,f229966,main,miss,972,951,4348
2026-07-18T02:58:51Z,f229966,main,alias_kph,556,531,4809
2026-07-18T02:58:51Z,f229966,main,mpg_to_l100km,785,741,5080
2026-07-18T02:58:51Z,f229966,main,density_g_to_kg,754,711,74199
2026-07-18T02:58:51Z,f229966,main,viscosity_cp_pas,631,611,22732
2026-07-18T02:58:51Z,f229966,main,lux_to_fc,831,801,4538
2026-07-18T02:58:51Z,f229966,main,registry_creation,147455,141776,232446
2026-08-13T02:23:05Z,463257a,main,is_prime_small,1587,1464,1854
2026-08-13T02:23:05Z,463257a,main,is_prime_large,3901,3637,5781
2026-08-13T02:23:05Z,463257a,main,next_prime,1939,1794,2416
2026-08-13T02:23:05Z,463257a,main,factor_small,173,157,292
2026-08-13T02:23:05Z,463257a,main,factor_large,3193,3021,3504
2026-08-13T02:23:05Z,463257a,main,totient,57,55,91
2026-08-13T02:23:05Z,463257a,main,fibonacci,114,110,156
2026-08-13T02:23:05Z,463257a,main,binomial,115,111,122
2026-08-13T02:23:05Z,463257a,main,poly_blep_mid,11,8,11
2026-08-13T02:23:05Z,463257a,main,poly_blep_edge,13,13,34
2026-08-13T02:23:05Z,463257a,main,angular_frequency,6,6,34
2026-08-13T02:23:05Z,463257a,main,sanitize_finite,6,3,6
2026-08-13T02:23:05Z,463257a,main,sanitize_nan,6,3,6
2026-08-13T02:23:05Z,463257a,main,hypot,8,8,8
2026-08-13T02:23:05Z,463257a,main,lerp,7,7,8
2026-08-13T02:23:05Z,463257a,main,clamp,7,7,38
2026-08-13T02:23:05Z,463257a,main,round,7,3,7
2026-08-13T02:23:05Z,463257a,main,sqrt,4,4,8
2026-08-13T02:23:05Z,463257a,main,abs,4,3,4
2026-08-13T02:23:05Z,463257a,main,amplitude_to_db,43,30,44
2026-08-13T02:23:05Z,463257a,main,db_to_amplitude,32,31,34
2026-08-13T02:23:05Z,463257a,main,db_gain_factor,32,31,34
2026-08-13T02:23:05Z,463257a,main,midi_to_freq,35,34,69
2026-08-13T02:23:05Z,463257a,main,freq_to_midi,29,29,34
2026-08-13T02:23:05Z,463257a,main,time_constant,43,40,65
2026-08-13T02:23:05Z,463257a,main,pan_center,113,109,244
2026-08-13T02:23:05Z,463257a,main,crossfade_mid,112,107,126
2026-08-13T02:23:05Z,463257a,main,category_name,6,0,6
2026-08-13T02:23:05Z,463257a,main,category_from_str,1212,1145,1374
2026-08-13T02:23:05Z,463257a,main,value_integer,25,8,25
2026-08-13T02:23:05Z,463257a,main,value_as_f64,47,44,65
2026-08-13T02:23:05Z,463257a,main,sanitize_4096,14344,13703,15547
2026-08-13T02:23:05Z,463257a,main,poly_blep_4096,30409,28563,43876
2026-08-13T02:23:05Z,463257a,main,hypot_4096,17793,15917,47420
2026-08-13T02:23:05Z,463257a,main,sqrt_4096,8712,8385,9293
2026-08-13T02:23:05Z,463257a,main,round_4096,26657,24806,29157
2026-08-13T02:23:05Z,463257a,main,simd_add_4096,1459,1378,2579
2026-08-13T02:23:05Z,463257a,main,simd_mul_4096,1442,1395,1531
2026-08-13T02:23:05Z,463257a,main,simd_sub_4096,1441,1387,1484
2026-08-13T02:23:05Z,463257a,main,simd_mac_4096,21121,18576,56884
2026-08-13T02:23:05Z,463257a,main,simd_div_4096,2259,2222,2780
2026-08-13T02:23:05Z,463257a,main,simd_sqrt_4096,4350,4181,4697
2026-08-13T02:23:05Z,463257a,main,simd_abs_4096,1079,1063,1116
2026-08-13T02:23:05Z,463257a,main,addition,2115,1887,2372
2026-08-13T02:23:05Z,463257a,main,mixed_ops,2328,1923,5804
2026-08-13T02:23:05Z,463257a,main,parentheses,2426,2191,5294
2026-08-13T02:23:05Z,463257a,main,division,2021,1767,3866
2026-08-13T02:23:05Z,463257a,main,sqrt,2484,2317,4077
2026-08-13T02:23:05Z,463257a,main,sin,2550,2343,4075
2026-08-13T02:23:05Z,463257a,main,log2,2722,2523,4577
2026-08-13T02:23:05Z,463257a,main,pow,2736,2441,4714
2026-08-13T02:23:05Z,463257a,main,min,2635,2441,4625
2026-08-13T02:23:05Z,463257a,main,mixed_ops_funcs,3119,2788,22802
2026-08-13T02:23:05Z,463257a,main,nested_parens,3671,3167,6049
2026-08-13T02:23:05Z,463257a,main,trig_chain,3921,3691,6166
2026-08-13T02:23:05Z,463257a,main,long_addition,3646,3114,6437
2026-08-13T02:23:05Z,463257a,main,sci_add,2107,1926,3370
2026-08-13T02:23:05Z,463257a,main,sci_mul,2037,1872,3243
2026-08-13T02:23:05Z,463257a,main,tok_simple,1774,1580,2773
2026-08-13T02:23:05Z,463257a,main,tok_complex,2721,2402,4136
2026-08-13T02:23:05Z,463257a,main,km_to_miles,269,256,296
2026-08-13T02:23:05Z,463257a,main,celsius_to_fahr,247,191,260
2026-08-13T02:23:05Z,463257a,main,bytes_to_gb,360,331,382
2026-08-13T02:23:05Z,463257a,main,bytes_to_gib,266,258,279
2026-08-13T02:23:05Z,463257a,main,gb_to_gib_cross,403,388,424
2026-08-13T02:23:05Z,463257a,main,same_unit_id,280,267,297
2026-08-13T02:23:05Z,463257a,main,exact_symbol,119,91,129
2026-08-13T02:23:05Z,463257a,main,by_name,298,282,396
2026-08-13T02:23:05Z,463257a,main,case_insensitive,460,339,658
2026-08-13T02:23:05Z,463257a,main,plural,286,265,300
2026-08-13T02:23:05Z,463257a,main,miss,640,606,696
2026-08-13T02:23:05Z,463257a,main,alias_kph,192,177,225
2026-08-13T02:23:05Z,463257a,main,mpg_to_l100km,422,395,452
2026-08-13T02:23:05Z,463257a,main,density_g_to_kg,381,364,606
2026-08-13T02:23:05Z,463257a,main,viscosity_cp_pas,298,286,519
2026-08-13T02:23:05Z,463257a,main,lux_to_fc,484,453,776
2026-08-13T02:23:05Z,463257a,main,registry_creation,151604,140653,310716
2026-08-13T15:45:51Z,463257a,main,is_prime_small,1665,1565,2084
2026-08-13T15:45:51Z,463257a,main,is_prime_large,4116,3912,4502
2026-08-13T15:45:51Z,463257a,main,next_prime,2083,1996,2408
2026-08-13T15:45:51Z,463257a,main,factor_small,174,163,268
2026-08-13T15:45:51Z,463257a,main,factor_large,3414,3170,3741
2026-08-13T15:45:51Z,463257a,main,totient,61,59,64
2026-08-13T15:45:51Z,463257a,main,fibonacci,123,120,171
2026-08-13T15:45:51Z,463257a,main,binomial,132,122,152
2026-08-13T15:45:51Z,463257a,main,poly_blep_mid,12,2,12
2026-08-13T15:45:51Z,463257a,main,poly_blep_edge,14,14,33
2026-08-13T15:45:51Z,463257a,main,angular_frequency,7,6,7
2026-08-13T15:45:51Z,463257a,main,sanitize_finite,7,6,7
2026-08-13T15:45:51Z,463257a,main,sanitize_nan,6,2,6
2026-08-13T15:45:51Z,463257a,main,hypot,9,9,37
2026-08-13T15:45:51Z,463257a,main,lerp,8,7,33
2026-08-13T15:45:51Z,463257a,main,clamp,8,7,63
2026-08-13T15:45:51Z,463257a,main,round,8,8,33
2026-08-13T15:45:51Z,463257a,main,sqrt,4,2,4
2026-08-13T15:45:51Z,463257a,main,abs,5,2,5
2026-08-13T15:45:51Z,463257a,main,amplitude_to_db,44,44,67
2026-08-13T15:45:51Z,463257a,main,db_to_amplitude,35,34,37
2026-08-13T15:45:51Z,463257a,main,db_gain_factor,35,33,35
2026-08-13T15:45:51Z,463257a,main,midi_to_freq,37,33,38
2026-08-13T15:45:51Z,463257a,main,freq_to_midi,31,30,37
2026-08-13T15:45:51Z,463257a,main,time_constant,42,41,63
2026-08-13T15:45:51Z,463257a,main,pan_center,118,107,425
2026-08-13T15:45:51Z,463257a,main,crossfade_mid,113,110,129
2026-08-13T15:45:51Z,463257a,main,category_name,7,6,37
2026-08-13T15:45:51Z,463257a,main,category_from_str,1297,1224,1994
2026-08-13T15:45:51Z,463257a,main,value_integer,23,6,23
2026-08-13T15:45:51Z,463257a,main,value_as_f64,45,6,45
2026-08-13T15:45:51Z,463257a,main,sanitize_4096,16240,14732,26142
2026-08-13T15:45:51Z,463257a,main,poly_blep_4096,32123,30652,51113
2026-08-13T15:45:51Z,463257a,main,hypot_4096,18113,17266,33306
2026-08-13T15:45:51Z,463257a,main,sqrt_4096,9311,8932,9864
2026-08-13T15:45:51Z,463257a,main,round_4096,28260,26724,43454
2026-08-13T15:45:51Z,463257a,main,simd_add_4096,1557,1499,2363
2026-08-13T15:45:51Z,463257a,main,simd_mul_4096,1546,1490,1688
2026-08-13T15:45:51Z,463257a,main,simd_sub_4096,1547,1490,1664
2026-08-13T15:45:51Z,463257a,main,simd_mac_4096,21385,19568,38721
2026-08-13T15:45:51Z,463257a,main,simd_div_4096,2408,2330,2584
2026-08-13T15:45:51Z,463257a,main,simd_sqrt_4096,4685,4541,5092
2026-08-13T15:45:51Z,463257a,main,simd_abs_4096,1326,1108,1504
2026-08-13T15:45:51Z,463257a,main,addition,2185,1939,3248
2026-08-13T15:45:51Z,463257a,main,mixed_ops,2418,2134,5971
2026-08-13T15:45:51Z,463257a,main,parentheses,2615,2331,5591
2026-08-13T15:45:51Z,463257a,main,division,2128,1927,5383
2026-08-13T15:45:51Z,463257a,main,sqrt,2678,2413,4203
2026-08-13T15:45:51Z,463257a,main,sin,2719,2501,4994
2026-08-13T15:45:51Z,463257a,main,log2,2910,2599,4521
2026-08-13T15:45:51Z,463257a,main,pow,2983,2651,6147
2026-08-13T15:45:51Z,463257a,main,min,2889,2639,6373
2026-08-13T15:45:51Z,463257a,main,mixed_ops_funcs,3427,2969,9306
2026-08-13T15:45:51Z,463257a,main,nested_parens,3850,3473,5526
2026-08-13T15:45:51Z,463257a,main,trig_chain,4208,3901,6514
2026-08-13T15:45:51Z,463257a,main,long_addition,3860,3427,6321
2026-08-13T15:45:51Z,463257a,main,sci_add,2359,2139,3704
2026-08-13T15:45:51Z,463257a,main,sci_mul,2292,2091,3982
2026-08-13T15:45:51Z,463257a,main,tok_simple,1947,1745,3219
2026-08-13T15:45:51Z,463257a,main,tok_complex,2979,2573,4806
2026-08-13T15:45:51Z,463257a,main,km_to_miles,292,69,399
2026-08-13T15:45:51Z,463257a,main,celsius_to_fahr,248,241,301
2026-08-13T15:45:51Z,463257a,main,bytes_to_gb,369,356,427
2026-08-13T15:45:51Z,463257a,main,bytes_to_gib,273,263,299
2026-08-13T15:45:51Z,463257a,main,gb_to_gib_cross,410,362,456
2026-08-13T15:45:51Z,463257a,main,same_unit_id,287,277,326
2026-08-13T15:45:51Z,463257a,main,exact_symbol,121,118,130
2026-08-13T15:45:51Z,463257a,main,by_name,309,298,423
2026-08-13T15:45:51Z,463257a,main,case_insensitive,369,356,400
2026-08-13T15:45:51Z,463257a,main,plural,295,284,340
2026-08-13T15:45:51Z,463257a,main,miss,679,652,816
2026-08-13T15:45:51Z,463257a,main,alias_kph,198,190,240
2026-08-13T15:45:51Z,463257a,main,mpg_to_l100km,447,428,483
2026-08-13T15:45:51Z,463257a,main,density_g_to_kg,388,372,423
2026-08-13T15:45:51Z,463257a,main,viscosity_cp_pas,305,293,339
2026-08-13T15:45:51Z,463257a,main,lux_to_fc,507,492,571
2026-08-13T15:45:51Z,463257a,main,registry_creation,161688,152184,290959
2026-08-13T17:15:10Z,dbb5750,main,is_prime_small,1627,1545,2029
2026-08-13T17:15:10Z,dbb5750,main,is_prime_large,4112,3729,4562
2026-08-13T17:15:10Z,dbb5750,main,next_prime,2021,1809,2264
2026-08-13T17:15:10Z,dbb5750,main,factor_small,170,161,303
2026-08-13T17:15:10Z,dbb5750,main,factor_large,3381,3153,4245
2026-08-13T17:15:10Z,dbb5750,main,totient,60,58,63
2026-08-13T17:15:10Z,dbb5750,main,fibonacci,125,120,141
2026-08-13T17:15:10Z,dbb5750,main,binomial,123,119,151
2026-08-13T17:15:10Z,dbb5750,main,poly_blep_mid,12,11,37
2026-08-13T17:15:10Z,dbb5750,main,poly_blep_edge,14,14,33
2026-08-13T17:15:10Z,dbb5750,main,angular_frequency,6,6,28
2026-08-13T17:15:10Z,dbb5750,main,sanitize_finite,6,6,7
2026-08-13T17:15:10Z,dbb5750,main,sanitize_nan,6,2,6
2026-08-13T17:15:10Z,dbb5750,main,hypot,9,8,63
2026-08-13T17:15:10Z,dbb5750,main,lerp,7,7,37
2026-08-13T17:15:10Z,dbb5750,main,clamp,8,7,37
2026-08-13T17:15:10Z,dbb5750,main,round,8,7,8
2026-08-13T17:15:10Z,dbb5750,main,sqrt,4,2,4
2026-08-13T17:15:10Z,dbb5750,main,abs,4,4,7
2026-08-13T17:15:10Z,dbb5750,main,amplitude_to_db,45,43,59
2026-08-13T17:15:10Z,dbb5750,main,db_to_amplitude,34,33,63
2026-08-13T17:15:10Z,dbb5750,main,db_gain_factor,34,2,34
2026-08-13T17:15:10Z,dbb5750,main,midi_to_freq,37,2,37
2026-08-13T17:15:10Z,dbb5750,main,freq_to_midi,30,0,30
2026-08-13T17:15:10Z,dbb5750,main,time_constant,42,6,42
2026-08-13T17:15:10Z,dbb5750,main,pan_center,119,112,216
2026-08-13T17:15:10Z,dbb5750,main,crossfade_mid,114,98,120
2026-08-13T17:15:10Z,dbb5750,main,category_name,6,0,6
2026-08-13T17:15:10Z,dbb5750,main,category_from_str,1278,1207,1439
2026-08-13T17:15:10Z,dbb5750,main,value_integer,25,22,33
2026-08-13T17:15:10Z,dbb5750,main,value_as_f64,49,43,94
2026-08-13T17:15:10Z,dbb5750,main,sanitize_4096,15115,14052,16837
2026-08-13T17:15:10Z,dbb5750,main,poly_blep_4096,31022,29091,35542
2026-08-13T17:15:10Z,dbb5750,main,hypot_4096,17548,16466,21138
2026-08-13T17:15:10Z,dbb5750,main,sqrt_4096,8871,8584,10050
2026-08-13T17:15:10Z,dbb5750,main,round_4096,27059,26408,31142
2026-08-13T17:15:10Z,dbb5750,main,simd_add_4096,1521,1438,2414
2026-08-13T17:15:10Z,dbb5750,main,simd_mul_4096,1495,1442,1585
2026-08-13T17:15:10Z,dbb5750,main,simd_sub_4096,1536,1373,2372
2026-08-13T17:15:10Z,dbb5750,main,simd_mac_4096,21618,18964,43156
2026-08-13T17:15:10Z,dbb5750,main,simd_div_4096,2338,2168,2470
2026-08-13T17:15:10Z,dbb5750,main,simd_sqrt_4096,4603,4319,4955
2026-08-13T17:15:10Z,dbb5750,main,simd_abs_4096,1096,1033,1147
2026-08-13T17:15:10Z,dbb5750,main,addition,2214,1960,3217
2026-08-13T17:15:10Z,dbb5750,main,mixed_ops,2374,2079,3540
2026-08-13T17:15:10Z,dbb5750,main,parentheses,2574,2309,3628
2026-08-13T17:15:10Z,dbb5750,main,division,2094,1880,3118
2026-08-13T17:15:10Z,dbb5750,main,sqrt,2632,2398,4348
2026-08-13T17:15:10Z,dbb5750,main,sin,2774,2393,4066
2026-08-13T17:15:10Z,dbb5750,main,log2,2871,2643,4368
2026-08-13T17:15:10Z,dbb5750,main,pow,2925,2677,4723
2026-08-13T17:15:10Z,dbb5750,main,min,2806,2530,4553
2026-08-13T17:15:10Z,dbb5750,main,mixed_ops_funcs,3137,2907,4783
2026-08-13T17:15:10Z,dbb5750,main,nested_parens,3741,3355,5635
2026-08-13T17:15:10Z,dbb5750,main,trig_chain,4152,3746,6725
2026-08-13T17:15:10Z,dbb5750,main,long_addition,3699,3326,5969
2026-08-13T17:15:10Z,dbb5750,main,sci_add,2146,1901,3196
2026-08-13T17:15:10Z,dbb5750,main,sci_mul,2122,1881,3006
2026-08-13T17:15:10Z,dbb5750,main,tok_simple,1867,1690,2926
2026-08-13T17:15:10Z,dbb5750,main,tok_complex,2889,2533,4441
2026-08-13T17:15:10Z,dbb5750,main,km_to_miles,284,268,391
2026-08-13T17:15:10Z,dbb5750,main,celsius_to_fahr,251,239,269
2026-08-13T17:15:10Z,dbb5750,main,bytes_to_gb,371,355,411
2026-08-13T17:15:10Z,dbb5750,main,bytes_to_gib,276,261,301
2026-08-13T17:15:10Z,dbb5750,main,gb_to_gib_cross,414,396,455
2026-08-13T17:15:10Z,dbb5750,main,same_unit_id,280,269,303
2026-08-13T17:15:10Z,dbb5750,main,exact_symbol,120,115,129
2026-08-13T17:15:10Z,dbb5750,main,by_name,304,286,333
2026-08-13T17:15:10Z,dbb5750,main,case_insensitive,363,348,407
2026-08-13T17:15:10Z,dbb5750,main,plural,287,272,316
2026-08-13T17:15:10Z,dbb5750,main,miss,660,624,744
2026-08-13T17:15:10Z,dbb5750,main,alias_kph,198,187,210
2026-08-13T17:15:10Z,dbb5750,main,mpg_to_l100km,434,420,510
2026-08-13T17:15:10Z,dbb5750,main,density_g_to_kg,377,357,421
2026-08-13T17:15:10Z,dbb5750,main,viscosity_cp_pas,294,286,309
2026-08-13T17:15:10Z,dbb5750,main,lux_to_fc,492,478,546
2026-08-13T17:15:10Z,dbb5750,main,registry_creation,154857,144487,186461
2026-08-13T18:22:26Z,b48cda6,main,is_prime_small,1642,1549,2035
2026-08-13T18:22:26Z,b48cda6,main,is_prime_large,4142,3854,5313
2026-08-13T18:22:26Z,b48cda6,main,next_prime,2088,1972,2707
2026-08-13T18:22:26Z,b48cda6,main,factor_small,175,166,309
2026-08-13T18:22:26Z,b48cda6,main,factor_large,3426,3240,5581
2026-08-13T18:22:26Z,b48cda6,main,totient,60,59,64
2026-08-13T18:22:26Z,b48cda6,main,fibonacci,122,118,156
2026-08-13T18:22:26Z,b48cda6,main,binomial,123,118,132
2026-08-13T18:22:26Z,b48cda6,main,poly_blep_mid,11,11,38
2026-08-13T18:22:26Z,b48cda6,main,poly_blep_edge,14,8,14
2026-08-13T18:22:26Z,b48cda6,main,angular_frequency,6,6,34
2026-08-13T18:22:26Z,b48cda6,main,sanitize_finite,6,6,8
2026-08-13T18:22:26Z,b48cda6,main,sanitize_nan,6,3,6
2026-08-13T18:22:26Z,b48cda6,main,hypot,9,9,64
2026-08-13T18:22:26Z,b48cda6,main,lerp,7,0,8
2026-08-13T18:22:26Z,b48cda6,main,clamp,9,8,9
2026-08-13T18:22:26Z,b48cda6,main,round,8,3,8
2026-08-13T18:22:26Z,b48cda6,main,sqrt,4,3,4
2026-08-13T18:22:26Z,b48cda6,main,abs,4,3,4
2026-08-13T18:22:26Z,b48cda6,main,amplitude_to_db,44,43,64
2026-08-13T18:22:26Z,b48cda6,main,db_to_amplitude,35,33,38
2026-08-13T18:22:26Z,b48cda6,main,db_gain_factor,34,33,38
2026-08-13T18:22:26Z,b48cda6,main,midi_to_freq,37,36,64
2026-08-13T18:22:26Z,b48cda6,main,freq_to_midi,31,7,31
2026-08-13T18:22:26Z,b48cda6,main,time_constant,41,3,41
2026-08-13T18:22:26Z,b48cda6,main,pan_center,118,110,243
2026-08-13T18:22:26Z,b48cda6,main,crossfade_mid,112,95,124
2026-08-13T18:22:26Z,b48cda6,main,category_name,8,8,8
2026-08-13T18:22:26Z,b48cda6,main,category_from_str,1293,1224,1973
2026-08-13T18:22:26Z,b48cda6,main,value_integer,23,3,23
2026-08-13T18:22:26Z,b48cda6,main,value_as_f64,46,3,46
2026-08-13T18:22:26Z,b48cda6,main,sanitize_4096,15267,14525,17712
2026-08-13T18:22:26Z,b48cda6,main,poly_blep_4096,31755,30214,38374
2026-08-13T18:22:26Z,b48cda6,main,hypot_4096,18033,17119,20601
2026-08-13T18:22:26Z,b48cda6,main,sqrt_4096,9270,8819,10200
2026-08-13T18:22:26Z,b48cda6,main,round_4096,28027,26624,34219
2026-08-13T18:22:26Z,b48cda6,main,simd_add_4096,1524,1443,2094
2026-08-13T18:22:26Z,b48cda6,main,simd_mul_4096,1526,1474,1674
2026-08-13T18:22:26Z,b48cda6,main,simd_sub_4096,1525,1444,1679
2026-08-13T18:22:26Z,b48cda6,main,simd_mac_4096,21321,19448,41285
2026-08-13T18:22:26Z,b48cda6,main,simd_div_4096,2350,2264,2481
2026-08-13T18:22:26Z,b48cda6,main,simd_sqrt_4096,4580,4424,4923
2026-08-13T18:22:26Z,b48cda6,main,simd_abs_4096,1137,1077,1306
2026-08-13T18:22:26Z,b48cda6,main,addition,2191,1950,2592
2026-08-13T18:22:26Z,b48cda6,main,mixed_ops,2343,2049,4046
2026-08-13T18:22:26Z,b48cda6,main,parentheses,2580,2283,4347
2026-08-13T18:22:26Z,b48cda6,main,division,2104,1899,3630
2026-08-13T18:22:26Z,b48cda6,main,sqrt,2671,2385,5351
2026-08-13T18:22:26Z,b48cda6,main,sin,2781,2531,5340
2026-08-13T18:22:26Z,b48cda6,main,log2,2889,2634,5035
2026-08-13T18:22:26Z,b48cda6,main,pow,2956,2529,5768
2026-08-13T18:22:26Z,b48cda6,main,min,2848,2598,5070
2026-08-13T18:22:26Z,b48cda6,main,mixed_ops_funcs,3269,2965,4978
2026-08-13T18:22:26Z,b48cda6,main,nested_parens,3835,3483,6540
2026-08-13T18:22:26Z,b48cda6,main,trig_chain,4161,3860,6621
2026-08-13T18:22:26Z,b48cda6,main,long_addition,3854,3491,7833
2026-08-13T18:22:26Z,b48cda6,main,sci_add,2313,2151,3618
2026-08-13T18:22:26Z,b48cda6,main,sci_mul,2212,2034,3386
2026-08-13T18:22:26Z,b48cda6,main,tok_simple,1900,1675,2825
2026-08-13T18:22:26Z,b48cda6,main,tok_complex,2946,2621,4371
2026-08-13T18:22:26Z,b48cda6,main,km_to_miles,277,268,361
2026-08-13T18:22:26Z,b48cda6,main,celsius_to_fahr,248,240,274
2026-08-13T18:22:26Z,b48cda6,main,bytes_to_gb,370,356,418
2026-08-13T18:22:26Z,b48cda6,main,bytes_to_gib,275,263,356
2026-08-13T18:22:26Z,b48cda6,main,gb_to_gib_cross,412,396,446
2026-08-13T18:22:26Z,b48cda6,main,same_unit_id,285,276,300
2026-08-13T18:22:26Z,b48cda6,main,exact_symbol,121,117,126
2026-08-13T18:22:26Z,b48cda6,main,by_name,310,274,330
2026-08-13T18:22:26Z,b48cda6,main,case_insensitive,421,344,644
2026-08-13T18:22:26Z,b48cda6,main,plural,294,282,332
2026-08-13T18:22:26Z,b48cda6,main,miss,677,650,769
2026-08-13T18:22:26Z,b48cda6,main,alias_kph,197,189,252
2026-08-13T18:22:26Z,b48cda6,main,mpg_to_l100km,440,416,623
2026-08-13T18:22:26Z,b48cda6,main,density_g_to_kg,398,370,615
2026-08-13T18:22:26Z,b48cda6,main,viscosity_cp_pas,300,290,339
2026-08-13T18:22:26Z,b48cda6,main,lux_to_fc,504,484,564
2026-08-13T18:22:26Z,b48cda6,main,registry_creation,159457,150285,194774
2026-08-13T19:20:51Z,0020089,main,is_prime_small,1683,1564,2907
2026-08-13T19:20:51Z,0020089,main,is_prime_large,4156,3960,5206
2026-08-13T19:20:51Z,0020089,main,next_prime,2137,1993,3069
2026-08-13T19:20:51Z,0020089,main,factor_small,196,168,279
2026-08-13T19:20:51Z,0020089,main,factor_large,3483,3231,5482
2026-08-13T19:20:51Z,0020089,main,totient,61,60,72
2026-08-13T19:20:51Z,0020089,main,fibonacci,123,120,194
2026-08-13T19:20:51Z,0020089,main,binomial,124,121,133
2026-08-13T19:20:51Z,0020089,main,poly_blep_mid,12,11,12
2026-08-13T19:20:51Z,0020089,main,poly_blep_edge,14,14,42
2026-08-13T19:20:51Z,0020089,main,angular_frequency,7,6,42
2026-08-13T19:20:51Z,0020089,main,sanitize_finite,6,0,7
2026-08-13T19:20:51Z,0020089,main,sanitize_nan,6,0,6
2026-08-13T19:20:51Z,0020089,main,hypot,9,9,11
2026-08-13T19:20:51Z,0020089,main,lerp,8,8,11
2026-08-13T19:20:51Z,0020089,main,clamp,9,8,41
2026-08-13T19:20:51Z,0020089,main,round,8,8,37
2026-08-13T19:20:51Z,0020089,main,sqrt,4,4,11
2026-08-13T19:20:51Z,0020089,main,abs,4,4,15
2026-08-13T19:20:51Z,0020089,main,amplitude_to_db,45,42,46
2026-08-13T19:20:51Z,0020089,main,db_to_amplitude,36,34,42
2026-08-13T19:20:51Z,0020089,main,db_gain_factor,34,30,46
2026-08-13T19:20:51Z,0020089,main,midi_to_freq,38,37,41
2026-08-13T19:20:51Z,0020089,main,freq_to_midi,30,29,41
2026-08-13T19:20:51Z,0020089,main,time_constant,41,37,41
2026-08-13T19:20:51Z,0020089,main,pan_center,117,109,251
2026-08-13T19:20:51Z,0020089,main,crossfade_mid,115,107,122
2026-08-13T19:20:51Z,0020089,main,category_name,8,8,72
2026-08-13T19:20:51Z,0020089,main,category_from_str,1308,1243,1539
2026-08-13T19:20:51Z,0020089,main,value_integer,24,24,42
2026-08-13T19:20:51Z,0020089,main,value_as_f64,48,42,49
2026-08-13T19:20:51Z,0020089,main,sanitize_4096,15297,14288,17745
2026-08-13T19:20:51Z,0020089,main,poly_blep_4096,31639,30907,35843
2026-08-13T19:20:51Z,0020089,main,hypot_4096,17991,17386,19551
2026-08-13T19:20:51Z,0020089,main,sqrt_4096,9395,9030,9885
2026-08-13T19:20:51Z,0020089,main,round_4096,27975,26952,30706
2026-08-13T19:20:51Z,0020089,main,simd_add_4096,1666,1448,2359
2026-08-13T19:20:51Z,0020089,main,simd_mul_4096,1509,1438,1562
2026-08-13T19:20:51Z,0020089,main,simd_sub_4096,1483,1443,1510
2026-08-13T19:20:51Z,0020089,main,simd_mac_4096,22237,20171,51411
2026-08-13T19:20:51Z,0020089,main,simd_div_4096,2359,2296,2523
2026-08-13T19:20:51Z,0020089,main,simd_sqrt_4096,4609,4444,4831
2026-08-13T19:20:51Z,0020089,main,simd_abs_4096,2046,1398,2705
2026-08-13T19:20:51Z,0020089,main,addition,2182,1942,4162
2026-08-13T19:20:51Z,0020089,main,mixed_ops,2324,2124,2609
2026-08-13T19:20:51Z,0020089,main,parentheses,2631,2377,3029
2026-08-13T19:20:51Z,0020089,main,division,2111,1893,2700
2026-08-13T19:20:51Z,0020089,main,sqrt,2695,2421,3935
2026-08-13T19:20:51Z,0020089,main,sin,3102,2828,6060
2026-08-13T19:20:51Z,0020089,main,log2,2980,2686,6450
2026-08-13T19:20:51Z,0020089,main,pow,2996,2640,5242
2026-08-13T19:20:51Z,0020089,main,min,2871,2605,5020
2026-08-13T19:20:51Z,0020089,main,mixed_ops_funcs,3287,2988,5674
2026-08-13T19:20:51Z,0020089,main,nested_parens,3875,3446,6951
2026-08-13T19:20:51Z,0020089,main,trig_chain,4255,3825,7639
2026-08-13T19:20:51Z,0020089,main,long_addition,3993,3527,7548
2026-08-13T19:20:51Z,0020089,main,sci_add,3172,2868,5704
2026-08-13T19:20:51Z,0020089,main,sci_mul,2723,2463,4914
2026-08-13T19:20:51Z,0020089,main,tok_simple,2023,1797,3560
2026-08-13T19:20:51Z,0020089,main,tok_complex,3177,2771,5778
2026-08-13T19:20:51Z,0020089,main,km_to_miles,347,277,573
2026-08-13T19:20:51Z,0020089,main,celsius_to_fahr,254,245,287
2026-08-13T19:20:51Z,0020089,main,bytes_to_gb,382,307,409
2026-08-13T19:20:51Z,0020089,main,bytes_to_gib,287,277,337
2026-08-13T19:20:51Z,0020089,main,gb_to_gib_cross,457,406,1062
2026-08-13T19:20:51Z,0020089,main,same_unit_id,393,283,770
2026-08-13T19:20:51Z,0020089,main,exact_symbol,125,120,135
2026-08-13T19:20:51Z,0020089,main,by_name,321,305,367
2026-08-13T19:20:51Z,0020089,main,case_insensitive,384,364,430
2026-08-13T19:20:51Z,0020089,main,plural,304,290,347
2026-08-13T19:20:51Z,0020089,main,miss,704,669,794
2026-08-13T19:20:51Z,0020089,main,alias_kph,205,196,221
2026-08-13T19:20:51Z,0020089,main,mpg_to_l100km,459,437,511
2026-08-13T19:20:51Z,0020089,main,density_g_to_kg,420,379,626
2026-08-13T19:20:51Z,0020089,main,viscosity_cp_pas,342,300,433
2026-08-13T19:20:51Z,0020089,main,lux_to_fc,522,498,584
2026-08-13T19:20:51Z,0020089,main,registry_creation,166140,154543,407020
2026-08-13T19:21:42Z,0020089,main,is_prime_small,1706,1548,2756
2026-08-13T19:21:42Z,0020089,main,is_prime_large,4165,3881,5716
2026-08-13T19:21:42Z,0020089,main,next_prime,2082,1958,2268
2026-08-13T19:21:42Z,0020089,main,factor_small,174,164,251
2026-08-13T19:21:42Z,0020089,main,factor_large,3437,3265,4497
2026-08-13T19:21:42Z,0020089,main,totient,62,60,68
2026-08-13T19:21:42Z,0020089,main,fibonacci,123,119,133
2026-08-13T19:21:42Z,0020089,main,binomial,124,120,133
2026-08-13T19:21:42Z,0020089,main,poly_blep_mid,11,11,15
2026-08-13T19:21:42Z,0020089,main,poly_blep_edge,15,14,20
2026-08-13T19:21:42Z,0020089,main,angular_frequency,6,6,15
2026-08-13T19:21:42Z,0020089,main,sanitize_finite,6,6,11
2026-08-13T19:21:42Z,0020089,main,sanitize_nan,6,6,11
2026-08-13T19:21:42Z,0020089,main,hypot,9,9,42
2026-08-13T19:21:42Z,0020089,main,lerp,7,7,15
2026-08-13T19:21:42Z,0020089,main,clamp,7,7,42
2026-08-13T19:21:42Z,0020089,main,round,8,8,15
2026-08-13T19:21:42Z,0020089,main,sqrt,4,4,11
2026-08-13T19:21:42Z,0020089,main,abs,4,4,11
2026-08-13T19:21:42Z,0020089,main,amplitude_to_db,45,42,47
2026-08-13T19:21:42Z,0020089,main,db_to_amplitude,35,34,42
2026-08-13T19:21:42Z,0020089,main,db_gain_factor,34,33,42
2026-08-13T19:21:42Z,0020089,main,midi_to_freq,39,37,42
2026-08-13T19:21:42Z,0020089,main,freq_to_midi,29,11,29
2026-08-13T19:21:42Z,0020089,main,time_constant,42,41,43
2026-08-13T19:21:42Z,0020089,main,pan_center,122,108,255
2026-08-13T19:21:42Z,0020089,main,crossfade_mid,113,103,119
2026-08-13T19:21:42Z,0020089,main,category_name,6,6,42
2026-08-13T19:21:42Z,0020089,main,category_from_str,1284,1221,1722
2026-08-13T19:21:42Z,0020089,main,value_integer,24,11,24
2026-08-13T19:21:42Z,0020089,main,value_as_f64,46,42,47
2026-08-13T19:21:42Z,0020089,main,sanitize_4096,16822,14571,35543
2026-08-13T19:21:42Z,0020089,main,poly_blep_4096,31687,30232,63333
2026-08-13T19:21:42Z,0020089,main,hypot_4096,18077,17106,19888
2026-08-13T19:21:42Z,0020089,main,sqrt_4096,9418,8995,10280
2026-08-13T19:21:42Z,0020089,main,round_4096,28193,26743,32015
2026-08-13T19:21:42Z,0020089,main,simd_add_4096,1554,1492,2089
2026-08-13T19:21:42Z,0020089,main,simd_mul_4096,1523,1459,1616
2026-08-13T19:21:42Z,0020089,main,simd_sub_4096,1507,1445,1647
2026-08-13T19:21:42Z,0020089,main,simd_mac_4096,22757,19669,65394
2026-08-13T19:21:42Z,0020089,main,simd_div_4096,2374,2266,2592
2026-08-13T19:21:42Z,0020089,main,simd_sqrt_4096,4442,4233,4713
2026-08-13T19:21:42Z,0020089,main,simd_abs_4096,1591,1052,1967
2026-08-13T19:21:42Z,0020089,main,addition,2385,1985,5622
2026-08-13T19:21:42Z,0020089,main,mixed_ops,2412,2134,4962
2026-08-13T19:21:42Z,0020089,main,parentheses,2636,2318,6560
2026-08-13T19:21:42Z,0020089,main,division,2348,1925,4415
2026-08-13T19:21:42Z,0020089,main,sqrt,2725,2419,5085
2026-08-13T19:21:42Z,0020089,main,sin,2843,2470,5885
2026-08-13T19:21:42Z,0020089,main,log2,3004,2635,4882
2026-08-13T19:21:42Z,0020089,main,pow,2955,2682,4914
2026-08-13T19:21:42Z,0020089,main,min,2841,2571,5025
2026-08-13T19:21:42Z,0020089,main,mixed_ops_funcs,3288,2971,5945
2026-08-13T19:21:42Z,0020089,main,nested_parens,3919,3419,6706
2026-08-13T19:21:42Z,0020089,main,trig_chain,4256,3708,7771
2026-08-13T19:21:42Z,0020089,main,long_addition,3915,3491,6792
2026-08-13T19:21:42Z,0020089,main,sci_add,2204,2002,4240
2026-08-13T19:21:42Z,0020089,main,sci_mul,2111,1942,3749
2026-08-13T19:21:42Z,0020089,main,tok_simple,1960,1727,3416
2026-08-13T19:21:42Z,0020089,main,tok_complex,3062,2662,5605
2026-08-13T19:21:42Z,0020089,main,km_to_miles,292,265,374
2026-08-13T19:21:42Z,0020089,main,celsius_to_fahr,247,237,269
2026-08-13T19:21:42Z,0020089,main,bytes_to_gb,368,350,451
2026-08-13T19:21:42Z,0020089,main,bytes_to_gib,271,256,285
2026-08-13T19:21:42Z,0020089,main,gb_to_gib_cross,410,393,441
2026-08-13T19:21:42Z,0020089,main,same_unit_id,284,273,307
2026-08-13T19:21:42Z,0020089,main,exact_symbol,119,103,125
2026-08-13T19:21:42Z,0020089,main,by_name,307,295,343
2026-08-13T19:21:42Z,0020089,main,case_insensitive,371,352,408
2026-08-13T19:21:42Z,0020089,main,plural,294,280,320
2026-08-13T19:21:42Z,0020089,main,miss,682,652,745
2026-08-13T19:21:42Z,0020089,main,alias_kph,199,160,221
2026-08-13T19:21:42Z,0020089,main,mpg_to_l100km,448,425,504
2026-08-13T19:21:42Z,0020089,main,density_g_to_kg,389,369,442
2026-08-13T19:21:42Z,0020089,main,viscosity_cp_pas,303,290,331
2026-08-13T19:21:42Z,0020089,main,lux_to_fc,507,485,560
2026-08-13T19:21:42Z,0020089,main,registry_creation,158379,148599,252174
2026-08-14T01:09:01Z,d48e229,main,is_prime_small,1622,1538,2818
2026-08-14T01:09:01Z,d48e229,main,is_prime_large,4087,3884,4909
2026-08-14T01:09:01Z,d48e229,main,next_prime,2080,1953,2746
2026-08-14T01:09:01Z,d48e229,main,factor_small,174,165,252
2026-08-14T01:09:01Z,d48e229,main,factor_large,3428,3250,4886
2026-08-14T01:09:01Z,d48e229,main,totient,61,59,77
2026-08-14T01:09:01Z,d48e229,main,fibonacci,124,118,164
2026-08-14T01:09:01Z,d48e229,main,binomial,123,119,134
2026-08-14T01:09:01Z,d48e229,main,poly_blep_mid,11,11,16
2026-08-14T01:09:01Z,d48e229,main,poly_blep_edge,14,11,14
2026-08-14T01:09:01Z,d48e229,main,angular_frequency,6,6,11
2026-08-14T01:09:01Z,d48e229,main,sanitize_finite,6,6,16
2026-08-14T01:09:01Z,d48e229,main,sanitize_nan,7,7,11
2026-08-14T01:09:01Z,d48e229,main,hypot,9,9,42
2026-08-14T01:09:01Z,d48e229,main,lerp,7,7,11
2026-08-14T01:09:01Z,d48e229,main,clamp,7,7,11
2026-08-14T01:09:01Z,d48e229,main,round,8,8,42
2026-08-14T01:09:01Z,d48e229,main,sqrt,4,4,16
2026-08-14T01:09:01Z,d48e229,main,abs,4,4,11
2026-08-14T01:09:01Z,d48e229,main,amplitude_to_db,45,42,51
2026-08-14T01:09:01Z,d48e229,main,db_to_amplitude,34,16,34
2026-08-14T01:09:01Z,d48e229,main,db_gain_factor,33,31,46
2026-08-14T01:09:01Z,d48e229,main,midi_to_freq,38,37,73
2026-08-14T01:09:01Z,d48e229,main,freq_to_midi,30,29,46
2026-08-14T01:09:01Z,d48e229,main,time_constant,41,40,46
2026-08-14T01:09:01Z,d48e229,main,pan_center,115,109,278
2026-08-14T01:09:01Z,d48e229,main,crossfade_mid,113,99,118
2026-08-14T01:09:01Z,d48e229,main,category_name,6,6,42
2026-08-14T01:09:01Z,d48e229,main,category_from_str,1412,1214,2711
2026-08-14T01:09:01Z,d48e229,main,value_integer,26,11,26
2026-08-14T01:09:01Z,d48e229,main,value_as_f64,48,42,48
2026-08-14T01:09:01Z,d48e229,main,sanitize_4096,15266,14612,17338
2026-08-14T01:09:01Z,d48e229,main,poly_blep_4096,31250,30421,39011
2026-08-14T01:09:01Z,d48e229,main,hypot_4096,18031,17108,38619
2026-08-14T01:09:01Z,d48e229,main,sqrt_4096,9412,8804,12283
2026-08-14T01:09:01Z,d48e229,main,round_4096,27953,26580,44619
2026-08-14T01:09:01Z,d48e229,main,simd_add_4096,1886,1488,2543
2026-08-14T01:09:01Z,d48e229,main,simd_mul_4096,1519,1436,1655
2026-08-14T01:09:01Z,d48e229,main,simd_sub_4096,1505,1432,1742
2026-08-14T01:09:01Z,d48e229,main,simd_mac_4096,22907,20110,66373
2026-08-14T01:09:01Z,d48e229,main,simd_div_4096,2330,2257,2549
2026-08-14T01:09:01Z,d48e229,main,simd_sqrt_4096,4478,4259,4968
2026-08-14T01:09:01Z,d48e229,main,simd_abs_4096,2032,1077,2785
2026-08-14T01:09:01Z,d48e229,main,addition,2157,1949,2611
2026-08-14T01:09:01Z,d48e229,main,mixed_ops,2377,2020,6259
2026-08-14T01:09:01Z,d48e229,main,parentheses,2629,2189,7915
2026-08-14T01:09:01Z,d48e229,main,division,2125,1873,4425
2026-08-14T01:09:01Z,d48e229,main,sqrt,2666,2394,5253
2026-08-14T01:09:01Z,d48e229,main,sin,2741,2391,5603
2026-08-14T01:09:01Z,d48e229,main,log2,2916,2527,6363
2026-08-14T01:09:01Z,d48e229,main,pow,2938,2694,5088
2026-08-14T01:09:01Z,d48e229,main,min,2817,2560,4932
2026-08-14T01:09:01Z,d48e229,main,mixed_ops_funcs,3223,2952,5326
2026-08-14T01:09:01Z,d48e229,main,nested_parens,3863,3407,13321
2026-08-14T01:09:01Z,d48e229,main,trig_chain,4286,3835,9431
2026-08-14T01:09:01Z,d48e229,main,long_addition,3714,3399,9762
2026-08-14T01:09:01Z,d48e229,main,sci_add,2213,1941,3779
2026-08-14T01:09:01Z,d48e229,main,sci_mul,2133,1938,3958
2026-08-14T01:09:01Z,d48e229,main,tok_simple,1888,1626,3309
2026-08-14T01:09:01Z,d48e229,main,tok_complex,2965,2567,5913
2026-08-14T01:09:01Z,d48e229,main,km_to_miles,304,274,408
2026-08-14T01:09:01Z,d48e229,main,celsius_to_fahr,253,241,308
2026-08-14T01:09:01Z,d48e229,main,bytes_to_gb,416,362,642
2026-08-14T01:09:01Z,d48e229,main,bytes_to_gib,299,261,1150
2026-08-14T01:09:01Z,d48e229,main,gb_to_gib_cross,415,388,569
2026-08-14T01:09:01Z,d48e229,main,same_unit_id,338,274,553
2026-08-14T01:09:01Z,d48e229,main,exact_symbol,124,116,214
2026-08-14T01:09:01Z,d48e229,main,by_name,410,299,618
2026-08-14T01:09:01Z,d48e229,main,case_insensitive,380,352,442
2026-08-14T01:09:01Z,d48e229,main,plural,308,280,471
2026-08-14T01:09:01Z,d48e229,main,miss,683,656,760
2026-08-14T01:09:01Z,d48e229,main,alias_kph,198,191,225
2026-08-14T01:09:01Z,d48e229,main,mpg_to_l100km,446,428,517
2026-08-14T01:09:01Z,d48e229,main,density_g_to_kg,430,365,705
2026-08-14T01:09:01Z,d48e229,main,viscosity_cp_pas,300,289,331
2026-08-14T01:09:01Z,d48e229,main,lux_to_fc,550,456,874
2026-08-14T01:09:01Z,d48e229,main,registry_creation,165673,150902,453036
2026-08-17T22:16:21Z,c86eb68,main,is_prime_small,1521,1415,1793
2026-08-17T22:16:21Z,c86eb68,main,is_prime_large,3822,3611,4744
2026-08-17T22:16:21Z,c86eb68,main,next_prime,1856,1753,2729
2026-08-17T22:16:21Z,c86eb68,main,factor_small,111,99,165
2026-08-17T22:16:21Z,c86eb68,main,factor_large,3140,2997,5600
2026-08-17T22:16:21Z,c86eb68,main,totient,59,58,69
2026-08-17T22:16:21Z,c86eb68,main,fibonacci,120,116,127
2026-08-17T22:16:21Z,c86eb68,main,binomial,121,117,130
2026-08-17T22:16:21Z,c86eb68,main,poly_blep_mid,11,0,11
2026-08-17T22:16:21Z,c86eb68,main,poly_blep_edge,14,3,14
2026-08-17T22:16:21Z,c86eb68,main,angular_frequency,7,7,7
2026-08-17T22:16:21Z,c86eb68,main,sanitize_finite,6,6,7
2026-08-17T22:16:21Z,c86eb68,main,sanitize_nan,6,6,34
2026-08-17T22:16:21Z,c86eb68,main,hypot,9,9,34
2026-08-17T22:16:21Z,c86eb68,main,lerp,7,7,29
2026-08-17T22:16:21Z,c86eb68,main,clamp,7,7,34
2026-08-17T22:16:21Z,c86eb68,main,round,8,3,8
2026-08-17T22:16:21Z,c86eb68,main,sqrt,4,4,7
2026-08-17T22:16:21Z,c86eb68,main,abs,4,4,7
2026-08-17T22:16:21Z,c86eb68,main,amplitude_to_db,45,34,47
2026-08-17T22:16:21Z,c86eb68,main,db_to_amplitude,34,33,60
2026-08-17T22:16:21Z,c86eb68,main,db_gain_factor,34,33,34
2026-08-17T22:16:21Z,c86eb68,main,midi_to_freq,36,7,36
2026-08-17T22:16:21Z,c86eb68,main,freq_to_midi,28,7,28
2026-08-17T22:16:21Z,c86eb68,main,time_constant,38,3,38
2026-08-17T22:16:21Z,c86eb68,main,pan_center,98,95,125
2026-08-17T22:16:21Z,c86eb68,main,crossfade_mid,102,99,109
2026-08-17T22:16:21Z,c86eb68,main,category_name,6,0,6
2026-08-17T22:16:21Z,c86eb68,main,category_from_str,1205,1138,1334
2026-08-17T22:16:21Z,c86eb68,main,value_integer,13,13,34
2026-08-17T22:16:21Z,c86eb68,main,value_as_f64,28,28,60
2026-08-17T22:16:21Z,c86eb68,main,sanitize_4096,14207,13578,16116
2026-08-17T22:16:21Z,c86eb68,main,poly_blep_4096,29762,28369,32612
2026-08-17T22:16:21Z,c86eb68,main,hypot_4096,16711,15983,18200
2026-08-17T22:16:21Z,c86eb68,main,sqrt_4096,8657,8310,9236
2026-08-17T22:16:21Z,c86eb68,main,round_4096,26284,24819,29539
2026-08-17T22:16:21Z,c86eb68,main,simd_add_4096,1449,1342,1853
2026-08-17T22:16:21Z,c86eb68,main,simd_mul_4096,1410,1304,1605
2026-08-17T22:16:21Z,c86eb68,main,simd_sub_4096,1490,1378,1606
2026-08-17T22:16:21Z,c86eb68,main,simd_mac_4096,10346,7746,19463
2026-08-17T22:16:21Z,c86eb68,main,simd_div_4096,2236,2116,2436
2026-08-17T22:16:21Z,c86eb68,main,simd_sqrt_4096,4314,4111,4611
2026-08-17T22:16:21Z,c86eb68,main,simd_abs_4096,1002,954,1029
2026-08-17T22:16:21Z,c86eb68,main,addition,1438,346,2470
2026-08-17T22:16:21Z,c86eb68,main,mixed_ops,1620,499,4411
2026-08-17T22:16:21Z,c86eb68,main,parentheses,1792,687,3157
2026-08-17T22:16:21Z,c86eb68,main,division,1445,342,2453
2026-08-17T22:16:21Z,c86eb68,main,sqrt,1807,671,3889
2026-08-17T22:16:21Z,c86eb68,main,sin,1853,741,9655
2026-08-17T22:16:21Z,c86eb68,main,log2,2013,875,3571
2026-08-17T22:16:21Z,c86eb68,main,pow,2083,955,4459
2026-08-17T22:16:21Z,c86eb68,main,min,1977,857,3072
2026-08-17T22:16:21Z,c86eb68,main,mixed_ops_funcs,2316,1178,4186
2026-08-17T22:16:21Z,c86eb68,main,nested_parens,2914,1763,4453
2026-08-17T22:16:21Z,c86eb68,main,trig_chain,3049,1874,11209
2026-08-17T22:16:21Z,c86eb68,main,long_addition,2888,1751,4070
2026-08-17T22:16:21Z,c86eb68,main,sci_add,1523,432,2620
2026-08-17T22:16:21Z,c86eb68,main,sci_mul,1459,276,8991
2026-08-17T22:16:21Z,c86eb68,main,tok_simple,1305,220,2018
2026-08-17T22:16:21Z,c86eb68,main,tok_complex,2109,1010,3778
2026-08-17T22:16:21Z,c86eb68,main,km_to_miles,273,263,309
2026-08-17T22:16:21Z,c86eb68,main,celsius_to_fahr,242,233,274
2026-08-17T22:16:21Z,c86eb68,main,bytes_to_gb,360,331,390
2026-08-17T22:16:21Z,c86eb68,main,bytes_to_gib,271,250,286
2026-08-17T22:16:21Z,c86eb68,main,gb_to_gib_cross,409,387,435
2026-08-17T22:16:21Z,c86eb68,main,same_unit_id,278,248,298
2026-08-17T22:16:21Z,c86eb68,main,exact_symbol,119,99,126
2026-08-17T22:16:21Z,c86eb68,main,by_name,302,278,317
2026-08-17T22:16:21Z,c86eb68,main,case_insensitive,361,326,387
2026-08-17T22:16:21Z,c86eb68,main,plural,284,238,297
2026-08-17T22:16:21Z,c86eb68,main,miss,647,613,686
2026-08-17T22:16:21Z,c86eb68,main,alias_kph,190,152,202
2026-08-17T22:16:21Z,c86eb68,main,mpg_to_l100km,433,417,472
2026-08-17T22:16:21Z,c86eb68,main,density_g_to_kg,376,339,409
2026-08-17T22:16:21Z,c86eb68,main,viscosity_cp_pas,295,276,311
2026-08-17T22:16:21Z,c86eb68,main,lux_to_fc,490,463,522
2026-08-17T22:16:21Z,c86eb68,main,registry_creation,133059,123677,263569
2026-08-23T00:03:11Z,a731ae0,main,is_prime_small,2534,2360,3334
2026-08-23T00:03:11Z,a731ae0,main,is_prime_large,6117,5818,9309
2026-08-23T00:03:11Z,a731ae0,main,next_prime,2940,2821,5230
2026-08-23T00:03:11Z,a731ae0,main,factor_small,118,101,876
2026-08-23T00:03:11Z,a731ae0,main,factor_large,3247,3081,5538
2026-08-23T00:03:11Z,a731ae0,main,totient,58,56,99
2026-08-23T00:03:11Z,a731ae0,main,fibonacci,108,104,156
2026-08-23T00:03:11Z,a731ae0,main,binomial,121,117,127
2026-08-23T00:03:11Z,a731ae0,main,poly_blep_mid,11,11,38
2026-08-23T00:03:11Z,a731ae0,main,poly_blep_edge,14,7,15
2026-08-23T00:03:11Z,a731ae0,main,angular_frequency,6,6,33
2026-08-23T00:03:11Z,a731ae0,main,sanitize_finite,6,3,6
2026-08-23T00:03:11Z,a731ae0,main,sanitize_nan,6,3,6
2026-08-23T00:03:11Z,a731ae0,main,hypot,9,8,68
2026-08-23T00:03:11Z,a731ae0,main,lerp,9,9,33
2026-08-23T00:03:11Z,a731ae0,main,clamp,7,7,33
2026-08-23T00:03:11Z,a731ae0,main,round,8,8,33
2026-08-23T00:03:11Z,a731ae0,main,sqrt,4,4,7
2026-08-23T00:03:11Z,a731ae0,main,abs,4,4,7
2026-08-23T00:03:11Z,a731ae0,main,amplitude_to_db,45,44,68
2026-08-23T00:03:11Z,a731ae0,main,db_to_amplitude,35,33,37
2026-08-23T00:03:11Z,a731ae0,main,db_gain_factor,34,3,34
2026-08-23T00:03:11Z,a731ae0,main,midi_to_freq,36,3,37
2026-08-23T00:03:11Z,a731ae0,main,freq_to_midi,30,0,30
2026-08-23T00:03:11Z,a731ae0,main,time_constant,41,3,41
2026-08-23T00:03:11Z,a731ae0,main,pan_center,111,106,130
2026-08-23T00:03:11Z,a731ae0,main,crossfade_mid,109,107,144
2026-08-23T00:03:11Z,a731ae0,main,category_name,6,6,7
2026-08-23T00:03:11Z,a731ae0,main,category_from_str,1252,1192,1374
2026-08-23T00:03:11Z,a731ae0,main,value_integer,15,7,15
2026-08-23T00:03:11Z,a731ae0,main,value_as_f64,31,30,64
2026-08-23T00:03:11Z,a731ae0,main,sanitize_4096,14954,14379,16209
2026-08-23T00:03:11Z,a731ae0,main,poly_blep_4096,30513,29957,33083
2026-08-23T00:03:11Z,a731ae0,main,hypot_4096,17025,16466,18625
2026-08-23T00:03:11Z,a731ae0,main,sqrt_4096,8684,8321,9547
2026-08-23T00:03:11Z,a731ae0,main,round_4096,26369,25034,30699
2026-08-23T00:03:11Z,a731ae0,main,simd_add_4096,1457,1438,1543
2026-08-23T00:03:11Z,a731ae0,main,simd_mul_4096,1490,1387,1675
2026-08-23T00:03:11Z,a731ae0,main,simd_sub_4096,1507,1465,1556
2026-08-23T00:03:11Z,a731ae0,main,simd_mac_4096,10527,7984,17751
2026-08-23T00:03:11Z,a731ae0,main,simd_div_4096,2337,2167,2444
2026-08-23T00:03:11Z,a731ae0,main,simd_sqrt_4096,4483,4195,4739
2026-08-23T00:03:11Z,a731ae0,main,simd_abs_4096,1106,1046,1350
2026-08-23T00:03:11Z,a731ae0,main,addition,1513,375,6589
2026-08-23T00:03:11Z,a731ae0,main,mixed_ops,1656,548,3042
2026-08-23T00:03:11Z,a731ae0,main,parentheses,1850,719,3276
2026-08-23T00:03:11Z,a731ae0,main,division,1453,332,2850
2026-08-23T00:03:11Z,a731ae0,main,sqrt,1793,675,3301
2026-08-23T00:03:11Z,a731ae0,main,sin,1941,770,9361
2026-08-23T00:03:11Z,a731ae0,main,log2,2089,903,3767
2026-08-23T00:03:11Z,a731ae0,main,pow,2117,964,3316
2026-08-23T00:03:11Z,a731ae0,main,min,2008,869,3261
2026-08-23T00:03:11Z,a731ae0,main,mixed_ops_funcs,2335,1190,4125
2026-08-23T00:03:11Z,a731ae0,main,nested_parens,2968,1788,4286
2026-08-23T00:03:11Z,a731ae0,main,trig_chain,3142,1921,11251
2026-08-23T00:03:11Z,a731ae0,main,long_addition,2947,1770,4328
2026-08-23T00:03:11Z,a731ae0,main,sci_add,1510,408,2422
2026-08-23T00:03:11Z,a731ae0,main,sci_mul,1491,377,9287
2026-08-23T00:03:11Z,a731ae0,main,tok_simple,1310,226,3041
2026-08-23T00:03:11Z,a731ae0,main,tok_complex,2156,1045,3603
2026-08-23T00:03:11Z,a731ae0,main,km_to_miles,286,275,351
2026-08-23T00:03:11Z,a731ae0,main,celsius_to_fahr,236,212,252
2026-08-23T00:03:11Z,a731ae0,main,bytes_to_gb,383,343,407
2026-08-23T00:03:11Z,a731ae0,main,bytes_to_gib,265,256,283
2026-08-23T00:03:11Z,a731ae0,main,gb_to_gib_cross,414,387,437
2026-08-23T00:03:11Z,a731ae0,main,same_unit_id,287,242,302
2026-08-23T00:03:11Z,a731ae0,main,exact_symbol,121,90,130
2026-08-23T00:03:11Z,a731ae0,main,by_name,313,277,368
2026-08-23T00:03:11Z,a731ae0,main,case_insensitive,359,304,402
2026-08-23T00:03:11Z,a731ae0,main,plural,278,269,293
2026-08-23T00:03:11Z,a731ae0,main,miss,652,629,690
2026-08-23T00:03:11Z,a731ae0,main,alias_kph,199,142,208
2026-08-23T00:03:11Z,a731ae0,main,mpg_to_l100km,444,428,474
2026-08-23T00:03:11Z,a731ae0,main,density_g_to_kg,386,330,411
2026-08-23T00:03:11Z,a731ae0,main,viscosity_cp_pas,303,247,323
2026-08-23T00:03:11Z,a731ae0,main,lux_to_fc,517,479,557
2026-08-23T00:03:11Z,a731ae0,main,registry_creation,139692,128693,356795
2026-08-23T00:35:31Z,a731ae0,main,is_prime_small,2422,2202,2609
2026-08-23T00:35:31Z,a731ae0,main,is_prime_large,5921,5520,8048
2026-08-23T00:35:31Z,a731ae0,main,next_prime,2876,2720,5542
2026-08-23T00:35:31Z,a731ae0,main,factor_small,115,101,183
2026-08-23T00:35:31Z,a731ae0,main,factor_large,3166,2993,7694
2026-08-23T00:35:31Z,a731ae0,main,totient,57,55,91
2026-08-23T00:35:31Z,a731ae0,main,fibonacci,101,97,156
2026-08-23T00:35:31Z,a731ae0,main,binomial,115,110,121
2026-08-23T00:35:31Z,a731ae0,main,poly_blep_mid,10,8,10
2026-08-23T00:35:31Z,a731ae0,main,poly_blep_edge,13,13,38
2026-08-23T00:35:31Z,a731ae0,main,angular_frequency,6,6,34
2026-08-23T00:35:31Z,a731ae0,main,sanitize_finite,6,3,6
2026-08-23T00:35:31Z,a731ae0,main,sanitize_nan,6,5,34
2026-08-23T00:35:31Z,a731ae0,main,hypot,8,8,65
2026-08-23T00:35:31Z,a731ae0,main,lerp,7,7,30
2026-08-23T00:35:31Z,a731ae0,main,clamp,7,7,65
2026-08-23T00:35:31Z,a731ae0,main,round,8,8,34
2026-08-23T00:35:31Z,a731ae0,main,sqrt,4,3,4
2026-08-23T00:35:31Z,a731ae0,main,abs,4,4,8
2026-08-23T00:35:31Z,a731ae0,main,amplitude_to_db,41,8,41
2026-08-23T00:35:31Z,a731ae0,main,db_to_amplitude,32,8,32
2026-08-23T00:35:31Z,a731ae0,main,db_gain_factor,32,0,32
2026-08-23T00:35:31Z,a731ae0,main,midi_to_freq,34,8,34
2026-08-23T00:35:31Z,a731ae0,main,freq_to_midi,28,27,65
2026-08-23T00:35:31Z,a731ae0,main,time_constant,38,0,39
2026-08-23T00:35:31Z,a731ae0,main,pan_center,102,101,121
2026-08-23T00:35:31Z,a731ae0,main,crossfade_mid,100,91,102
2026-08-23T00:35:31Z,a731ae0,main,category_name,6,3,6
2026-08-23T00:35:31Z,a731ae0,main,category_from_str,1201,1137,1361
2026-08-23T00:35:31Z,a731ae0,main,value_integer,13,13,38
2026-08-23T00:35:31Z,a731ae0,main,value_as_f64,30,29,95
2026-08-23T00:35:31Z,a731ae0,main,sanitize_4096,15270,14133,22829
2026-08-23T00:35:31Z,a731ae0,main,poly_blep_4096,29915,28127,35180
2026-08-23T00:35:31Z,a731ae0,main,hypot_4096,16530,15800,17564
2026-08-23T00:35:31Z,a731ae0,main,sqrt_4096,8754,8180,9552
2026-08-23T00:35:31Z,a731ae0,main,round_4096,25376,24180,27390
2026-08-23T00:35:31Z,a731ae0,main,simd_add_4096,1439,1380,1543
2026-08-23T00:35:31Z,a731ae0,main,simd_mul_4096,1431,1365,1477
2026-08-23T00:35:31Z,a731ae0,main,simd_sub_4096,1445,1426,1527
2026-08-23T00:35:31Z,a731ae0,main,simd_mac_4096,10096,7731,16691
2026-08-23T00:35:31Z,a731ae0,main,simd_div_4096,2265,2212,2396
2026-08-23T00:35:31Z,a731ae0,main,simd_sqrt_4096,4429,4174,4941
2026-08-23T00:35:31Z,a731ae0,main,simd_abs_4096,1101,1035,1153
2026-08-23T00:35:31Z,a731ae0,main,addition,1426,330,2672
2026-08-23T00:35:31Z,a731ae0,main,mixed_ops,1651,505,3334
2026-08-23T00:35:31Z,a731ae0,main,parentheses,1782,671,3561
2026-08-23T00:35:31Z,a731ae0,main,division,1406,318,2329
2026-08-23T00:35:31Z,a731ae0,main,sqrt,1744,656,2917
2026-08-23T00:35:31Z,a731ae0,main,sin,1918,734,9843
2026-08-23T00:35:31Z,a731ae0,main,log2,2032,874,3559
2026-08-23T00:35:31Z,a731ae0,main,pow,2092,939,3587
2026-08-23T00:35:31Z,a731ae0,main,min,1968,854,3075
2026-08-23T00:35:31Z,a731ae0,main,mixed_ops_funcs,2268,1149,4419
2026-08-23T00:35:31Z,a731ae0,main,nested_parens,2989,1738,6154
2026-08-23T00:35:31Z,a731ae0,main,trig_chain,3030,1862,10956
2026-08-23T00:35:31Z,a731ae0,main,long_addition,2872,1719,4425
2026-08-23T00:35:31Z,a731ae0,main,sci_add,1474,391,2243
2026-08-23T00:35:31Z,a731ae0,main,sci_mul,1454,355,9188
2026-08-23T00:35:31Z,a731ae0,main,tok_simple,1286,216,5248
2026-08-23T00:35:31Z,a731ae0,main,tok_complex,2110,1012,3564
2026-08-23T00:35:31Z,a731ae0,main,km_to_miles,290,277,365
2026-08-23T00:35:31Z,a731ae0,main,celsius_to_fahr,232,223,255
2026-08-23T00:35:31Z,a731ae0,main,bytes_to_gb,374,339,411
2026-08-23T00:35:31Z,a731ae0,main,bytes_to_gib,260,250,278
2026-08-23T00:35:31Z,a731ae0,main,gb_to_gib_cross,408,387,452
2026-08-23T00:35:31Z,a731ae0,main,same_unit_id,279,266,313
2026-08-23T00:35:31Z,a731ae0,main,exact_symbol,116,109,126
2026-08-23T00:35:31Z,a731ae0,main,by_name,303,282,339
2026-08-23T00:35:31Z,a731ae0,main,case_insensitive,352,322,411
2026-08-23T00:35:31Z,a731ae0,main,plural,277,243,311
2026-08-23T00:35:31Z,a731ae0,main,miss,619,585,780
2026-08-23T00:35:31Z,a731ae0,main,alias_kph,201,186,243
2026-08-23T00:35:31Z,a731ae0,main,mpg_to_l100km,433,402,518
2026-08-23T00:35:31Z,a731ae0,main,density_g_to_kg,372,361,440
2026-08-23T00:35:31Z,a731ae0,main,viscosity_cp_pas,291,281,330
2026-08-23T00:35:31Z,a731ae0,main,lux_to_fc,501,475,556
2026-08-23T00:35:31Z,a731ae0,main,registry_creation,134954,124654,296883
2026-08-23T00:45:59Z,a731ae0,main,is_prime_small,2499,2343,3423
2026-08-23T00:45:59Z,a731ae0,main,is_prime_large,6275,5834,10610
2026-08-23T00:45:59Z,a731ae0,main,next_prime,3046,2872,5449
2026-08-23T00:45:59Z,a731ae0,main,factor_small,119,100,195
2026-08-23T00:45:59Z,a731ae0,main,factor_large,3294,3090,5408
2026-08-23T00:45:59Z,a731ae0,main,totient,58,56,99
2026-08-23T00:45:59Z,a731ae0,main,fibonacci,108,103,121
2026-08-23T00:45:59Z,a731ae0,main,binomial,123,118,130
2026-08-23T00:45:59Z,a731ae0,main,poly_blep_mid,11,11,38
2026-08-23T00:45:59Z,a731ae0,main,poly_blep_edge,14,14,38
2026-08-23T00:45:59Z,a731ae0,main,angular_frequency,6,6,38
2026-08-23T00:45:59Z,a731ae0,main,sanitize_finite,6,6,34
2026-08-23T00:45:59Z,a731ae0,main,sanitize_nan,6,6,34
2026-08-23T00:45:59Z,a731ae0,main,hypot,10,9,34
2026-08-23T00:45:59Z,a731ae0,main,lerp,8,8,38
2026-08-23T00:45:59Z,a731ae0,main,clamp,7,7,34
2026-08-23T00:45:59Z,a731ae0,main,round,8,8,34
2026-08-23T00:45:59Z,a731ae0,main,sqrt,5,4,34
2026-08-23T00:45:59Z,a731ae0,main,abs,4,3,4
2026-08-23T00:45:59Z,a731ae0,main,amplitude_to_db,44,43,69
2026-08-23T00:45:59Z,a731ae0,main,db_to_amplitude,35,34,64
2026-08-23T00:45:59Z,a731ae0,main,db_gain_factor,34,33,34
2026-08-23T00:45:59Z,a731ae0,main,midi_to_freq,38,8,38
2026-08-23T00:45:59Z,a731ae0,main,freq_to_midi,30,8,30
2026-08-23T00:45:59Z,a731ae0,main,time_constant,41,3,41
2026-08-23T00:45:59Z,a731ae0,main,pan_center,110,106,126
2026-08-23T00:45:59Z,a731ae0,main,crossfade_mid,105,91,119
2026-08-23T00:45:59Z,a731ae0,main,category_name,6,0,6
2026-08-23T00:45:59Z,a731ae0,main,category_from_str,1264,1155,1425
2026-08-23T00:45:59Z,a731ae0,main,value_integer,14,14,34
2026-08-23T00:45:59Z,a731ae0,main,value_as_f64,31,30,64
2026-08-23T00:45:59Z,a731ae0,main,sanitize_4096,15225,14564,26135
2026-08-23T00:45:59Z,a731ae0,main,poly_blep_4096,31554,28911,40138
2026-08-23T00:45:59Z,a731ae0,main,hypot_4096,17422,16178,20571
2026-08-23T00:45:59Z,a731ae0,main,sqrt_4096,9132,8564,10206
2026-08-23T00:45:59Z,a731ae0,main,round_4096,26809,24853,30672
2026-08-23T00:45:59Z,a731ae0,main,simd_add_4096,1477,1404,1609
2026-08-23T00:45:59Z,a731ae0,main,simd_mul_4096,1489,1432,1667
2026-08-23T00:45:59Z,a731ae0,main,simd_sub_4096,1494,1427,1972
2026-08-23T00:45:59Z,a731ae0,main,simd_mac_4096,10378,7968,17748
2026-08-23T00:45:59Z,a731ae0,main,simd_div_4096,2339,2177,2489
2026-08-23T00:45:59Z,a731ae0,main,simd_sqrt_4096,4608,4294,4992
2026-08-23T00:45:59Z,a731ae0,main,simd_abs_4096,1095,1052,1171
2026-08-23T00:45:59Z,a731ae0,main,addition,1447,351,2563
2026-08-23T00:45:59Z,a731ae0,main,mixed_ops,1650,536,2746
2026-08-23T00:45:59Z,a731ae0,main,parentheses,1841,729,3384
2026-08-23T00:45:59Z,a731ae0,main,division,1438,326,2623
2026-08-23T00:45:59Z,a731ae0,main,sqrt,1805,678,3391
2026-08-23T00:45:59Z,a731ae0,main,sin,1911,769,9345
2026-08-23T00:45:59Z,a731ae0,main,log2,2145,901,10528
2026-08-23T00:45:59Z,a731ae0,main,pow,2154,959,10944
2026-08-23T00:45:59Z,a731ae0,main,min,2019,764,3136
2026-08-23T00:45:59Z,a731ae0,main,mixed_ops_funcs,2362,1197,4875
2026-08-23T00:45:59Z,a731ae0,main,nested_parens,3019,1799,5883
2026-08-23T00:45:59Z,a731ae0,main,trig_chain,3286,1908,10990
2026-08-23T00:45:59Z,a731ae0,main,long_addition,3028,1848,4812
2026-08-23T00:45:59Z,a731ae0,main,sci_add,1554,415,2702
2026-08-23T00:45:59Z,a731ae0,main,sci_mul,1555,382,10680
2026-08-23T00:45:59Z,a731ae0,main,tok_simple,1367,236,2382
2026-08-23T00:45:59Z,a731ae0,main,tok_complex,2259,1085,4075
2026-08-23T00:45:59Z,a731ae0,main,km_to_miles,287,275,309
2026-08-23T00:45:59Z,a731ae0,main,celsius_to_fahr,236,213,251
2026-08-23T00:45:59Z,a731ae0,main,bytes_to_gb,407,344,532
2026-08-23T00:45:59Z,a731ae0,main,bytes_to_gib,267,255,335
2026-08-23T00:45:59Z,a731ae0,main,gb_to_gib_cross,415,392,488
2026-08-23T00:45:59Z,a731ae0,main,same_unit_id,287,248,301
2026-08-23T00:45:59Z,a731ae0,main,exact_symbol,120,95,124
2026-08-23T00:45:59Z,a731ae0,main,by_name,310,299,331
2026-08-23T00:45:59Z,a731ae0,main,case_insensitive,361,305,382
2026-08-23T00:45:59Z,a731ae0,main,plural,277,267,300
2026-08-23T00:45:59Z,a731ae0,main,miss,653,626,705
2026-08-23T00:45:59Z,a731ae0,main,alias_kph,198,191,213
2026-08-23T00:45:59Z,a731ae0,main,mpg_to_l100km,443,427,470
2026-08-23T00:45:59Z,a731ae0,main,density_g_to_kg,388,361,419
2026-08-23T00:45:59Z,a731ae0,main,viscosity_cp_pas,300,270,316
2026-08-23T00:45:59Z,a731ae0,main,lux_to_fc,519,497,560
2026-08-23T00:45:59Z,a731ae0,main,registry_creation,139281,127313,298913
